Keyword,Search intent,Topic cluster,Primary/secondary,Assigned URL,Assigned article title,Action,Reason,Priority,Notes
fidget toys for adults,Out of scope / avoid targeting,Non-relevant adult fidget/toy query,Excluded,/blog/,Non-relevant adult fidget/toy query,No blog targeting,Out of scope: fidget/non-wellness meaning; keep off article targets to protect topical focus.,P4,
toys for adults,Commercial,Unclustered adult wellness/general,Secondary,/blog/adult-toy-buying-guide/,"Adult Toy Buying Guide: Safety, Privacy, and Value Checks",Review manually,No precise cluster match; assign to broad buying guide until a distinct compliant intent is proven.,P4,Manual review recommended before content changes.
best fidget toys for adults,Out of scope / avoid targeting,Non-relevant adult fidget/toy query,Excluded,/blog/,Non-relevant adult fidget/toy query,No blog targeting,Out of scope: fidget/non-wellness meaning; keep off article targets to protect topical focus.,P4,
fidget toys adults,Out of scope / avoid targeting,Non-relevant adult fidget/toy query,Excluded,/blog/,Non-relevant adult fidget/toy query,No blog targeting,Out of scope: fidget/non-wellness meaning; keep off article targets to protect topical focus.,P4,
toy story adult outfit,Out of scope / avoid targeting,Non-relevant media/toy query,Excluded,/blog/,Non-relevant media/toy query,No blog targeting,Out of scope: entertainment/toy query.,P4,
toy story costumes for adults,Out of scope / avoid targeting,Non-relevant media/toy query,Excluded,/blog/,Non-relevant media/toy query,No blog targeting,Out of scope: entertainment/toy query.,P4,
adult toy cleaner,Commercial,Gift and couples decisions,Secondary,/blog/adult-toy-gift-guide/,"Adult Toy Gift Guide: Consent, Privacy, and Safer Choices",Update existing article,Make consent and recipient comfort the non-negotiable foundation. Commercial value: Medium; difficulty: Easy.,P1,Mapped from existing keyword cluster file.
jessie toy story outfit adult,Out of scope / avoid targeting,Non-relevant media/toy query,Excluded,/blog/,Non-relevant media/toy query,No blog targeting,Out of scope: entertainment/toy query.,P4,
adult happy meal toy,"Informational, Commercial",Unclustered adult wellness/general,Secondary,/blog/adult-toy-buying-guide/,"Adult Toy Buying Guide: Safety, Privacy, and Value Checks",Review manually,No precise cluster match; assign to broad buying guide until a distinct compliant intent is proven.,P4,Manual review recommended before content changes.
adult sensory toys,Commercial,Unclustered adult wellness/general,Secondary,/blog/adult-toy-buying-guide/,"Adult Toy Buying Guide: Safety, Privacy, and Value Checks",Review manually,No precise cluster match; assign to broad buying guide until a distinct compliant intent is proven.,P4,Manual review recommended before content changes.
adult toy eggs insertable,Commercial,Gift and couples decisions,Secondary,/blog/adult-toy-gift-guide/,"Adult Toy Gift Guide: Consent, Privacy, and Safer Choices",Update existing article,Make consent and recipient comfort the non-negotiable foundation. Commercial value: Medium; difficulty: Easy.,P1,Mapped from existing keyword cluster file.
adult toy story costumes,Out of scope / avoid targeting,Non-relevant media/toy query,Excluded,/blog/,Non-relevant media/toy query,No blog targeting,Out of scope: entertainment/toy query.,P4,
sybian adult toy,Commercial,Gift and couples decisions,Secondary,/blog/adult-toy-gift-guide/,"Adult Toy Gift Guide: Consent, Privacy, and Safer Choices",Update existing article,Make consent and recipient comfort the non-negotiable foundation. Commercial value: Medium; difficulty: Easy.,P1,Mapped from existing keyword cluster file.
womanizer adult toy,Commercial,Gift and couples decisions,Secondary,/blog/adult-toy-gift-guide/,"Adult Toy Gift Guide: Consent, Privacy, and Safer Choices",Update existing article,Make consent and recipient comfort the non-negotiable foundation. Commercial value: Medium; difficulty: Easy.,P1,Mapped from existing keyword cluster file.
adult toy poodle,How-to,Cleaning and storage,Secondary,/blog/adult-toy-cleaner-guide/,Adult Toy Cleaner: When You Need It and How to Use It,Update existing article,Separate cleaner myths from practical hygiene and material care. Commercial value: Medium; difficulty: Easy.,P1,Mapped from existing keyword cluster file.
toy story costume for adults,Out of scope / avoid targeting,Non-relevant media/toy query,Excluded,/blog/,Non-relevant media/toy query,No blog targeting,Out of scope: entertainment/toy query.,P4,
toys that are for adults to chew on,Commercial,Unclustered adult wellness/general,Secondary,/blog/adult-toy-buying-guide/,"Adult Toy Buying Guide: Safety, Privacy, and Value Checks",Review manually,No precise cluster match; assign to broad buying guide until a distinct compliant intent is proven.,P4,Manual review recommended before content changes.
adult soft toys,Commercial,Unclustered adult wellness/general,Secondary,/blog/adult-toy-buying-guide/,"Adult Toy Buying Guide: Safety, Privacy, and Value Checks",Review manually,No precise cluster match; assign to broad buying guide until a distinct compliant intent is proven.,P4,Manual review recommended before content changes.
adult toy box,Commercial,Unclustered adult wellness/general,Secondary,/blog/adult-toy-buying-guide/,"Adult Toy Buying Guide: Safety, Privacy, and Value Checks",Review manually,No precise cluster match; assign to broad buying guide until a distinct compliant intent is proven.,P4,Manual review recommended before content changes.
app controlled adult toys,Commercial,Buying decision framework,Secondary,/blog/adult-toy-buying-guide/,"Adult Toy Buying Guide: Safety, Privacy, and Value Checks",Update existing article,Broad adult-wellness shopping intent; prevent cannibalization by assigning to buying guide.,P2,
dragon unicorn adult toy,Informational,Unclustered adult wellness/general,Secondary,/blog/adult-toy-buying-guide/,"Adult Toy Buying Guide: Safety, Privacy, and Value Checks",Review manually,No precise cluster match; assign to broad buying guide until a distinct compliant intent is proven.,P4,Manual review recommended before content changes.
remote control adult toys,Commercial,Buying decision framework,Secondary,/blog/adult-toy-buying-guide/,"Adult Toy Buying Guide: Safety, Privacy, and Value Checks",Update existing article,Broad adult-wellness shopping intent; prevent cannibalization by assigning to buying guide.,P2,
toy poodle adult,Informational,Unclustered adult wellness/general,Secondary,/blog/adult-toy-buying-guide/,"Adult Toy Buying Guide: Safety, Privacy, and Value Checks",Review manually,No precise cluster match; assign to broad buying guide until a distinct compliant intent is proven.,P4,Manual review recommended before content changes.
toy story adult tee,Out of scope / avoid targeting,Non-relevant media/toy query,Excluded,/blog/,Non-relevant media/toy query,No blog targeting,Out of scope: entertainment/toy query.,P4,
adult fidget toys for anxiety,Out of scope / avoid targeting,Non-relevant adult fidget/toy query,Excluded,/blog/,Non-relevant adult fidget/toy query,No blog targeting,Out of scope: fidget/non-wellness meaning; keep off article targets to protect topical focus.,P4,
adult jessie toy story costume,Out of scope / avoid targeting,Non-relevant media/toy query,Excluded,/blog/,Non-relevant media/toy query,No blog targeting,Out of scope: entertainment/toy query.,P4,
adult toy storage,How-to,Cleaning and storage,Primary,/blog/adult-toy-storage-guide/,"Adult Toy Storage: Clean, Private, and Material-Safe Habits",Update existing article,"Show how storage protects privacy, hygiene, and product lifespan. Commercial value: Medium; difficulty: Easy.",P2,Mapped from existing keyword cluster file.
jenna's adult toy box,Commercial,Unclustered adult wellness/general,Secondary,/blog/adult-toy-buying-guide/,"Adult Toy Buying Guide: Safety, Privacy, and Value Checks",Review manually,No precise cluster match; assign to broad buying guide until a distinct compliant intent is proven.,P4,Manual review recommended before content changes.
jessie toy story costume adult,Out of scope / avoid targeting,Non-relevant media/toy query,Excluded,/blog/,Non-relevant media/toy query,No blog targeting,Out of scope: entertainment/toy query.,P4,
love toys adult store former liberated world,Informational,Unclustered adult wellness/general,Secondary,/blog/adult-toy-buying-guide/,"Adult Toy Buying Guide: Safety, Privacy, and Value Checks",Review manually,No precise cluster match; assign to broad buying guide until a distinct compliant intent is proven.,P4,Manual review recommended before content changes.
minecraft adult happy meal toys,Commercial,Unclustered adult wellness/general,Secondary,/blog/adult-toy-buying-guide/,"Adult Toy Buying Guide: Safety, Privacy, and Value Checks",Review manually,No precise cluster match; assign to broad buying guide until a distinct compliant intent is proven.,P4,Manual review recommended before content changes.
plush toys for adults,Informational,Unclustered adult wellness/general,Secondary,/blog/adult-toy-buying-guide/,"Adult Toy Buying Guide: Safety, Privacy, and Value Checks",Review manually,No precise cluster match; assign to broad buying guide until a distinct compliant intent is proven.,P4,Manual review recommended before content changes.
remote adult toys,Commercial,Buying decision framework,Secondary,/blog/adult-toy-buying-guide/,"Adult Toy Buying Guide: Safety, Privacy, and Value Checks",Update existing article,Broad adult-wellness shopping intent; prevent cannibalization by assigning to buying guide.,P2,
toy story costume adults,Out of scope / avoid targeting,Non-relevant media/toy query,Excluded,/blog/,Non-relevant media/toy query,No blog targeting,Out of scope: entertainment/toy query.,P4,
transformers toys for adults,Commercial,Unclustered adult wellness/general,Secondary,/blog/adult-toy-buying-guide/,"Adult Toy Buying Guide: Safety, Privacy, and Value Checks",Review manually,No precise cluster match; assign to broad buying guide until a distinct compliant intent is proven.,P4,Manual review recommended before content changes.
adult toy advent calendar,Commercial,Unclustered adult wellness/general,Secondary,/blog/adult-toy-buying-guide/,"Adult Toy Buying Guide: Safety, Privacy, and Value Checks",Review manually,No precise cluster match; assign to broad buying guide until a distinct compliant intent is proven.,P4,Manual review recommended before content changes.
adult toy store tampa fl,Commercial,Unclustered adult wellness/general,Secondary,/blog/adult-toy-buying-guide/,"Adult Toy Buying Guide: Safety, Privacy, and Value Checks",Review manually,No precise cluster match; assign to broad buying guide until a distinct compliant intent is proven.,P4,Manual review recommended before content changes.
adult toys for dogs,Commercial,Buying decision framework,Secondary,/blog/adult-toy-buying-guide/,"Adult Toy Buying Guide: Safety, Privacy, and Value Checks",Update existing article,Broad adult-wellness shopping intent; prevent cannibalization by assigning to buying guide.,P2,
fidget toys for adults with anxiety,Out of scope / avoid targeting,Non-relevant adult fidget/toy query,Excluded,/blog/,Non-relevant adult fidget/toy query,No blog targeting,Out of scope: fidget/non-wellness meaning; keep off article targets to protect topical focus.,P4,
fun factory adult toys,Commercial,Buying decision framework,Secondary,/blog/adult-toy-buying-guide/,"Adult Toy Buying Guide: Safety, Privacy, and Value Checks",Update existing article,Broad adult-wellness shopping intent; prevent cannibalization by assigning to buying guide.,P2,
funnest toys for adults,Commercial,Unclustered adult wellness/general,Secondary,/blog/adult-toy-buying-guide/,"Adult Toy Buying Guide: Safety, Privacy, and Value Checks",Review manually,No precise cluster match; assign to broad buying guide until a distinct compliant intent is proven.,P4,Manual review recommended before content changes.
infinity pillow adult toy,Informational,Unclustered adult wellness/general,Secondary,/blog/adult-toy-buying-guide/,"Adult Toy Buying Guide: Safety, Privacy, and Value Checks",Review manually,No precise cluster match; assign to broad buying guide until a distinct compliant intent is proven.,P4,Manual review recommended before content changes.
spencers adult toys,Commercial,Buying decision framework,Secondary,/blog/adult-toy-buying-guide/,"Adult Toy Buying Guide: Safety, Privacy, and Value Checks",Update existing article,Broad adult-wellness shopping intent; prevent cannibalization by assigning to buying guide.,P2,
thrusting adult toy,Informational,Unclustered adult wellness/general,Secondary,/blog/adult-toy-buying-guide/,"Adult Toy Buying Guide: Safety, Privacy, and Value Checks",Review manually,No precise cluster match; assign to broad buying guide until a distinct compliant intent is proven.,P4,Manual review recommended before content changes.
toy helicopter for adults,Commercial,Unclustered adult wellness/general,Secondary,/blog/adult-toy-buying-guide/,"Adult Toy Buying Guide: Safety, Privacy, and Value Checks",Review manually,No precise cluster match; assign to broad buying guide until a distinct compliant intent is proven.,P4,Manual review recommended before content changes.
toy story t shirt adults,Out of scope / avoid targeting,Non-relevant media/toy query,Excluded,/blog/,Non-relevant media/toy query,No blog targeting,Out of scope: entertainment/toy query.,P4,
adult fidget toy,Out of scope / avoid targeting,Non-relevant adult fidget/toy query,Excluded,/blog/,Non-relevant adult fidget/toy query,No blog targeting,Out of scope: fidget/non-wellness meaning; keep off article targets to protect topical focus.,P4,
adult toy story alien costume,Out of scope / avoid targeting,Non-relevant media/toy query,Excluded,/blog/,Non-relevant media/toy query,No blog targeting,Out of scope: entertainment/toy query.,P4,
adult toy story costume,Out of scope / avoid targeting,Non-relevant media/toy query,Excluded,/blog/,Non-relevant media/toy query,No blog targeting,Out of scope: entertainment/toy query.,P4,
fidget toy for adults,Out of scope / avoid targeting,Non-relevant adult fidget/toy query,Excluded,/blog/,Non-relevant adult fidget/toy query,No blog targeting,Out of scope: fidget/non-wellness meaning; keep off article targets to protect topical focus.,P4,
fun toys for adults,Commercial,Unclustered adult wellness/general,Secondary,/blog/adult-toy-buying-guide/,"Adult Toy Buying Guide: Safety, Privacy, and Value Checks",Review manually,No precise cluster match; assign to broad buying guide until a distinct compliant intent is proven.,P4,Manual review recommended before content changes.
jessie toy story costume adults,Out of scope / avoid targeting,Non-relevant media/toy query,Excluded,/blog/,Non-relevant media/toy query,No blog targeting,Out of scope: entertainment/toy query.,P4,
love toys adult supercenter,Informational,Unclustered adult wellness/general,Secondary,/blog/adult-toy-buying-guide/,"Adult Toy Buying Guide: Safety, Privacy, and Value Checks",Review manually,No precise cluster match; assign to broad buying guide until a distinct compliant intent is proven.,P4,Manual review recommended before content changes.
pool toys for adults,"Informational, Commercial",Unclustered adult wellness/general,Secondary,/blog/adult-toy-buying-guide/,"Adult Toy Buying Guide: Safety, Privacy, and Value Checks",Review manually,No precise cluster match; assign to broad buying guide until a distinct compliant intent is proven.,P4,Manual review recommended before content changes.
sexxy toys & lingerie adult video stop,Informational,Unclustered adult wellness/general,Secondary,/blog/adult-toy-buying-guide/,"Adult Toy Buying Guide: Safety, Privacy, and Value Checks",Review manually,No precise cluster match; assign to broad buying guide until a distinct compliant intent is proven.,P4,Manual review recommended before content changes.
stress relief toys for adults,Commercial,Unclustered adult wellness/general,Secondary,/blog/adult-toy-buying-guide/,"Adult Toy Buying Guide: Safety, Privacy, and Value Checks",Review manually,No precise cluster match; assign to broad buying guide until a distinct compliant intent is proven.,P4,Manual review recommended before content changes.
toy cars for adults,Commercial,Unclustered adult wellness/general,Secondary,/blog/adult-toy-buying-guide/,"Adult Toy Buying Guide: Safety, Privacy, and Value Checks",Review manually,No precise cluster match; assign to broad buying guide until a distinct compliant intent is proven.,P4,Manual review recommended before content changes.
adult stress toys,Commercial,Unclustered adult wellness/general,Secondary,/blog/adult-toy-buying-guide/,"Adult Toy Buying Guide: Safety, Privacy, and Value Checks",Review manually,No precise cluster match; assign to broad buying guide until a distinct compliant intent is proven.,P4,Manual review recommended before content changes.
adult swim toys,"Informational, Commercial",Unclustered adult wellness/general,Secondary,/blog/adult-toy-buying-guide/,"Adult Toy Buying Guide: Safety, Privacy, and Value Checks",Review manually,No precise cluster match; assign to broad buying guide until a distinct compliant intent is proven.,P4,Manual review recommended before content changes.
adult toy storage box,How-to,Cleaning and storage,Secondary,/blog/adult-toy-storage-guide/,"Adult Toy Storage: Clean, Private, and Material-Safe Habits",Update existing article,"Show how storage protects privacy, hygiene, and product lifespan. Commercial value: Medium; difficulty: Easy.",P2,Mapped from existing keyword cluster file.
adult toy store phoenix,Commercial,Unclustered adult wellness/general,Secondary,/blog/adult-toy-buying-guide/,"Adult Toy Buying Guide: Safety, Privacy, and Value Checks",Review manually,No precise cluster match; assign to broad buying guide until a distinct compliant intent is proven.,P4,Manual review recommended before content changes.
anxiety toys for adults,"Informational, Commercial",Unclustered adult wellness/general,Secondary,/blog/adult-toy-buying-guide/,"Adult Toy Buying Guide: Safety, Privacy, and Value Checks",Review manually,No precise cluster match; assign to broad buying guide until a distinct compliant intent is proven.,P4,Manual review recommended before content changes.
fidget toys for adults adhd,Out of scope / avoid targeting,Non-relevant adult fidget/toy query,Excluded,/blog/,Non-relevant adult fidget/toy query,No blog targeting,Out of scope: fidget/non-wellness meaning; keep off article targets to protect topical focus.,P4,
fidget toys for anxiety adults,Out of scope / avoid targeting,Non-relevant adult fidget/toy query,Excluded,/blog/,Non-relevant adult fidget/toy query,No blog targeting,Out of scope: fidget/non-wellness meaning; keep off article targets to protect topical focus.,P4,
njoy adult toys,Commercial,Buying decision framework,Secondary,/blog/adult-toy-buying-guide/,"Adult Toy Buying Guide: Safety, Privacy, and Value Checks",Update existing article,Broad adult-wellness shopping intent; prevent cannibalization by assigning to buying guide.,P2,
plush adult toys,Commercial,Buying decision framework,Secondary,/blog/adult-toy-buying-guide/,"Adult Toy Buying Guide: Safety, Privacy, and Value Checks",Update existing article,Broad adult-wellness shopping intent; prevent cannibalization by assigning to buying guide.,P2,
snail toy adults,Commercial,Unclustered adult wellness/general,Secondary,/blog/adult-toy-buying-guide/,"Adult Toy Buying Guide: Safety, Privacy, and Value Checks",Review manually,No precise cluster match; assign to broad buying guide until a distinct compliant intent is proven.,P4,Manual review recommended before content changes.
sucking adult toy,Commercial,Unclustered adult wellness/general,Secondary,/blog/adult-toy-buying-guide/,"Adult Toy Buying Guide: Safety, Privacy, and Value Checks",Review manually,No precise cluster match; assign to broad buying guide until a distinct compliant intent is proven.,P4,Manual review recommended before content changes.
temu adult toys,Commercial,Buying decision framework,Secondary,/blog/adult-toy-buying-guide/,"Adult Toy Buying Guide: Safety, Privacy, and Value Checks",Update existing article,Broad adult-wellness shopping intent; prevent cannibalization by assigning to buying guide.,P2,
toy story alien costume adult,Out of scope / avoid targeting,Non-relevant media/toy query,Excluded,/blog/,Non-relevant media/toy query,No blog targeting,Out of scope: entertainment/toy query.,P4,
toy story crocs adults,Out of scope / avoid targeting,Non-relevant media/toy query,Excluded,/blog/,Non-relevant media/toy query,No blog targeting,Out of scope: entertainment/toy query.,P4,
toy story little bo peep costume adults,Out of scope / avoid targeting,Non-relevant media/toy query,Excluded,/blog/,Non-relevant media/toy query,No blog targeting,Out of scope: entertainment/toy query.,P4,
adhd toys for adults,Commercial,Unclustered adult wellness/general,Secondary,/blog/adult-toy-buying-guide/,"Adult Toy Buying Guide: Safety, Privacy, and Value Checks",Review manually,No precise cluster match; assign to broad buying guide until a distinct compliant intent is proven.,P4,Manual review recommended before content changes.
adult jessie costume toy story,Out of scope / avoid targeting,Non-relevant media/toy query,Excluded,/blog/,Non-relevant media/toy query,No blog targeting,Out of scope: entertainment/toy query.,P4,
adult soft toy,Commercial,Unclustered adult wellness/general,Secondary,/blog/adult-toy-buying-guide/,"Adult Toy Buying Guide: Safety, Privacy, and Value Checks",Review manually,No precise cluster match; assign to broad buying guide until a distinct compliant intent is proven.,P4,Manual review recommended before content changes.
adult toy poodles,"Informational, Transactional",Unclustered adult wellness/general,Secondary,/blog/adult-toy-buying-guide/,"Adult Toy Buying Guide: Safety, Privacy, and Value Checks",Review manually,No precise cluster match; assign to broad buying guide until a distinct compliant intent is proven.,P4,Manual review recommended before content changes.
adult toy store milwaukee,Commercial,Unclustered adult wellness/general,Secondary,/blog/adult-toy-buying-guide/,"Adult Toy Buying Guide: Safety, Privacy, and Value Checks",Review manually,No precise cluster match; assign to broad buying guide until a distinct compliant intent is proven.,P4,Manual review recommended before content changes.
adult toy store tyler tx,Commercial,Unclustered adult wellness/general,Secondary,/blog/adult-toy-buying-guide/,"Adult Toy Buying Guide: Safety, Privacy, and Value Checks",Review manually,No precise cluster match; assign to broad buying guide until a distinct compliant intent is proven.,P4,Manual review recommended before content changes.
adult toy story,Out of scope / avoid targeting,Non-relevant media/toy query,Excluded,/blog/,Non-relevant media/toy query,No blog targeting,Out of scope: entertainment/toy query.,P4,
beach toys for adults,Commercial,Unclustered adult wellness/general,Secondary,/blog/adult-toy-buying-guide/,"Adult Toy Buying Guide: Safety, Privacy, and Value Checks",Review manually,No precise cluster match; assign to broad buying guide until a distinct compliant intent is proven.,P4,Manual review recommended before content changes.
cool desk toys for adults,Commercial,Unclustered adult wellness/general,Secondary,/blog/adult-toy-buying-guide/,"Adult Toy Buying Guide: Safety, Privacy, and Value Checks",Review manually,No precise cluster match; assign to broad buying guide until a distinct compliant intent is proven.,P4,Manual review recommended before content changes.
desk toys for adults,Commercial,Unclustered adult wellness/general,Secondary,/blog/adult-toy-buying-guide/,"Adult Toy Buying Guide: Safety, Privacy, and Value Checks",Review manually,No precise cluster match; assign to broad buying guide until a distinct compliant intent is proven.,P4,Manual review recommended before content changes.
doc johnson adult toys,Commercial,Buying decision framework,Secondary,/blog/adult-toy-buying-guide/,"Adult Toy Buying Guide: Safety, Privacy, and Value Checks",Update existing article,Broad adult-wellness shopping intent; prevent cannibalization by assigning to buying guide.,P3,
dragon unicorn toy adult,Informational,Unclustered adult wellness/general,Secondary,/blog/adult-toy-buying-guide/,"Adult Toy Buying Guide: Safety, Privacy, and Value Checks",Review manually,No precise cluster match; assign to broad buying guide until a distinct compliant intent is proven.,P4,Manual review recommended before content changes.
interesting toys for adults,Commercial,Unclustered adult wellness/general,Secondary,/blog/adult-toy-buying-guide/,"Adult Toy Buying Guide: Safety, Privacy, and Value Checks",Review manually,No precise cluster match; assign to broad buying guide until a distinct compliant intent is proven.,P4,Manual review recommended before content changes.
jack rabbit adult toy,Commercial,Rabbit vibrators,Secondary,/blog/rabbit-vibrator-guide/,Rabbit Vibrator Guide: Who It Suits and What to Check,Update existing article,Rabbit-style massager product selection intent.,P2,
lovense adult toy,Navigational,Unclustered adult wellness/general,Secondary,/blog/adult-toy-buying-guide/,"Adult Toy Buying Guide: Safety, Privacy, and Value Checks",Review manually,No precise cluster match; assign to broad buying guide until a distinct compliant intent is proven.,P4,Manual review recommended before content changes.
mcdonalds adult happy meal toys,Informational,Unclustered adult wellness/general,Secondary,/blog/adult-toy-buying-guide/,"Adult Toy Buying Guide: Safety, Privacy, and Value Checks",Review manually,No precise cluster match; assign to broad buying guide until a distinct compliant intent is proven.,P4,Manual review recommended before content changes.
remote adult toy,Commercial,Unclustered adult wellness/general,Secondary,/blog/adult-toy-buying-guide/,"Adult Toy Buying Guide: Safety, Privacy, and Value Checks",Review manually,No precise cluster match; assign to broad buying guide until a distinct compliant intent is proven.,P4,Manual review recommended before content changes.
sensory fidget toys for adults,Out of scope / avoid targeting,Non-relevant adult fidget/toy query,Excluded,/blog/,Non-relevant adult fidget/toy query,No blog targeting,Out of scope: fidget/non-wellness meaning; keep off article targets to protect topical focus.,P4,
the womanizer adult toy,Transactional,Unclustered adult wellness/general,Secondary,/blog/adult-toy-buying-guide/,"Adult Toy Buying Guide: Safety, Privacy, and Value Checks",Review manually,No precise cluster match; assign to broad buying guide until a distinct compliant intent is proven.,P4,Manual review recommended before content changes.
toy story alien costume for adults,Out of scope / avoid targeting,Non-relevant media/toy query,Excluded,/blog/,Non-relevant media/toy query,No blog targeting,Out of scope: entertainment/toy query.,P4,
toy story halloween costumes adult,Out of scope / avoid targeting,Non-relevant media/toy query,Excluded,/blog/,Non-relevant media/toy query,No blog targeting,Out of scope: entertainment/toy query.,P4,
toy story jessie costume adult,Out of scope / avoid targeting,Non-relevant media/toy query,Excluded,/blog/,Non-relevant media/toy query,No blog targeting,Out of scope: entertainment/toy query.,P4,
toy story rex costume adults,Out of scope / avoid targeting,Non-relevant media/toy query,Excluded,/blog/,Non-relevant media/toy query,No blog targeting,Out of scope: entertainment/toy query.,P4,
adhd fidget toys adults,Out of scope / avoid targeting,Non-relevant adult fidget/toy query,Excluded,/blog/,Non-relevant adult fidget/toy query,No blog targeting,Out of scope: fidget/non-wellness meaning; keep off article targets to protect topical focus.,P4,
adult ride on toys,Transactional,Unclustered adult wellness/general,Secondary,/blog/adult-toy-buying-guide/,"Adult Toy Buying Guide: Safety, Privacy, and Value Checks",Review manually,No precise cluster match; assign to broad buying guide until a distinct compliant intent is proven.,P4,Manual review recommended before content changes.
adult toy delivery,Commercial,Unclustered adult wellness/general,Secondary,/blog/adult-toy-buying-guide/,"Adult Toy Buying Guide: Safety, Privacy, and Value Checks",Review manually,No precise cluster match; assign to broad buying guide until a distinct compliant intent is proven.,P4,Manual review recommended before content changes.
adult toy machine,"Informational, Commercial",Unclustered adult wellness/general,Secondary,/blog/adult-toy-buying-guide/,"Adult Toy Buying Guide: Safety, Privacy, and Value Checks",Review manually,No precise cluster match; assign to broad buying guide until a distinct compliant intent is proven.,P4,Manual review recommended before content changes.
adult toy store columbia sc,Commercial,Unclustered adult wellness/general,Secondary,/blog/adult-toy-buying-guide/,"Adult Toy Buying Guide: Safety, Privacy, and Value Checks",Review manually,No precise cluster match; assign to broad buying guide until a distinct compliant intent is proven.,P4,Manual review recommended before content changes.
adam and eve adult toys,Commercial,Buying decision framework,Secondary,/blog/adult-toy-buying-guide/,"Adult Toy Buying Guide: Safety, Privacy, and Value Checks",Update existing article,Broad adult-wellness shopping intent; prevent cannibalization by assigning to buying guide.,P1,
adam & eve adult toys,Commercial,Buying decision framework,Secondary,/blog/adult-toy-buying-guide/,"Adult Toy Buying Guide: Safety, Privacy, and Value Checks",Update existing article,Broad adult-wellness shopping intent; prevent cannibalization by assigning to buying guide.,P1,
target adult toys,Commercial,Buying decision framework,Secondary,/blog/adult-toy-buying-guide/,"Adult Toy Buying Guide: Safety, Privacy, and Value Checks",Update existing article,Broad adult-wellness shopping intent; prevent cannibalization by assigning to buying guide.,P1,
adult happy meal toys,Informational,Unclustered adult wellness/general,Secondary,/blog/adult-toy-buying-guide/,"Adult Toy Buying Guide: Safety, Privacy, and Value Checks",Review manually,No precise cluster match; assign to broad buying guide until a distinct compliant intent is proven.,P4,Manual review recommended before content changes.
amazon adult toys,Commercial,Buying decision framework,Secondary,/blog/adult-toy-buying-guide/,"Adult Toy Buying Guide: Safety, Privacy, and Value Checks",Update existing article,Broad adult-wellness shopping intent; prevent cannibalization by assigning to buying guide.,P1,
mcdonald's adult happy meal toys,Commercial,Unclustered adult wellness/general,Secondary,/blog/adult-toy-buying-guide/,"Adult Toy Buying Guide: Safety, Privacy, and Value Checks",Review manually,No precise cluster match; assign to broad buying guide until a distinct compliant intent is proven.,P4,Manual review recommended before content changes.
adult fidget toys,Out of scope / avoid targeting,Non-relevant adult fidget/toy query,Excluded,/blog/,Non-relevant adult fidget/toy query,No blog targeting,Out of scope: fidget/non-wellness meaning; keep off article targets to protect topical focus.,P4,
lelo adult toys,Commercial,Buying decision framework,Secondary,/blog/adult-toy-buying-guide/,"Adult Toy Buying Guide: Safety, Privacy, and Value Checks",Update existing article,Broad adult-wellness shopping intent; prevent cannibalization by assigning to buying guide.,P1,
adult toys being used as malware,Commercial,Buying decision framework,Secondary,/blog/adult-toy-buying-guide/,"Adult Toy Buying Guide: Safety, Privacy, and Value Checks",Update existing article,Broad adult-wellness shopping intent; prevent cannibalization by assigning to buying guide.,P1,
kinky adult toys,Commercial,Buying decision framework,Secondary,/blog/adult-toy-buying-guide/,"Adult Toy Buying Guide: Safety, Privacy, and Value Checks",Update existing article,Broad adult-wellness shopping intent; prevent cannibalization by assigning to buying guide.,P1,
magic wand adult toy,Commercial,Gift and couples decisions,Secondary,/blog/adult-toy-gift-guide/,"Adult Toy Gift Guide: Consent, Privacy, and Safer Choices",Update existing article,Make consent and recipient comfort the non-negotiable foundation. Commercial value: Medium; difficulty: Easy.,P1,Mapped from existing keyword cluster file.
nearest adult toy store,Commercial,Gift and couples decisions,Secondary,/blog/adult-toy-gift-guide/,"Adult Toy Gift Guide: Consent, Privacy, and Safer Choices",Update existing article,Make consent and recipient comfort the non-negotiable foundation. Commercial value: Medium; difficulty: Easy.,P1,Mapped from existing keyword cluster file.
bullet adult toy,Commercial,Compact vibrators,Secondary,/blog/bullet-vibrator-guide/,"Bullet Vibrator Guide: Small Size, Simple Controls, Big Questions",Update existing article,Compact vibrator product selection intent.,P2,
lush adult toy,Informational,Unclustered adult wellness/general,Secondary,/blog/adult-toy-buying-guide/,"Adult Toy Buying Guide: Safety, Privacy, and Value Checks",Review manually,No precise cluster match; assign to broad buying guide until a distinct compliant intent is proven.,P4,Manual review recommended before content changes.
walmart adult toys,Commercial,Buying decision framework,Secondary,/blog/adult-toy-buying-guide/,"Adult Toy Buying Guide: Safety, Privacy, and Value Checks",Update existing article,Broad adult-wellness shopping intent; prevent cannibalization by assigning to buying guide.,P2,
walgreens adult toys,Commercial,Buying decision framework,Secondary,/blog/adult-toy-buying-guide/,"Adult Toy Buying Guide: Safety, Privacy, and Value Checks",Update existing article,Broad adult-wellness shopping intent; prevent cannibalization by assigning to buying guide.,P2,
adult toys cvs,Commercial,Buying decision framework,Secondary,/blog/adult-toy-buying-guide/,"Adult Toy Buying Guide: Safety, Privacy, and Value Checks",Update existing article,Broad adult-wellness shopping intent; prevent cannibalization by assigning to buying guide.,P2,
long distance adult toys,Commercial,Buying decision framework,Secondary,/blog/adult-toy-buying-guide/,"Adult Toy Buying Guide: Safety, Privacy, and Value Checks",Update existing article,Broad adult-wellness shopping intent; prevent cannibalization by assigning to buying guide.,P2,
the rose adult toy,Informational,Unclustered adult wellness/general,Secondary,/blog/adult-toy-buying-guide/,"Adult Toy Buying Guide: Safety, Privacy, and Value Checks",Review manually,No precise cluster match; assign to broad buying guide until a distinct compliant intent is proven.,P4,Manual review recommended before content changes.
adult pool toys,Commercial,Unclustered adult wellness/general,Secondary,/blog/adult-toy-buying-guide/,"Adult Toy Buying Guide: Safety, Privacy, and Value Checks",Review manually,No precise cluster match; assign to broad buying guide until a distinct compliant intent is proven.,P4,Manual review recommended before content changes.
adult toys atlanta,Commercial,Buying decision framework,Secondary,/blog/adult-toy-buying-guide/,"Adult Toy Buying Guide: Safety, Privacy, and Value Checks",Update existing article,Broad adult-wellness shopping intent; prevent cannibalization by assigning to buying guide.,P2,
cvs adult toys,Commercial,Buying decision framework,Secondary,/blog/adult-toy-buying-guide/,"Adult Toy Buying Guide: Safety, Privacy, and Value Checks",Update existing article,Broad adult-wellness shopping intent; prevent cannibalization by assigning to buying guide.,P2,
adult happy meal minecraft toys,"Informational, Commercial",Unclustered adult wellness/general,Secondary,/blog/adult-toy-buying-guide/,"Adult Toy Buying Guide: Safety, Privacy, and Value Checks",Review manually,No precise cluster match; assign to broad buying guide until a distinct compliant intent is proven.,P4,Manual review recommended before content changes.
adult sex toy store near me,Transactional,Unclustered adult wellness/general,Secondary,/blog/adult-toy-buying-guide/,"Adult Toy Buying Guide: Safety, Privacy, and Value Checks",Review manually,No precise cluster match; assign to broad buying guide until a distinct compliant intent is proven.,P4,Manual review recommended before content changes.
adult toy store san antonio,Commercial,Unclustered adult wellness/general,Secondary,/blog/adult-toy-buying-guide/,"Adult Toy Buying Guide: Safety, Privacy, and Value Checks",Review manually,No precise cluster match; assign to broad buying guide until a distinct compliant intent is proven.,P4,Manual review recommended before content changes.
adult toy store seattle,Commercial,Unclustered adult wellness/general,Secondary,/blog/adult-toy-buying-guide/,"Adult Toy Buying Guide: Safety, Privacy, and Value Checks",Review manually,No precise cluster match; assign to broad buying guide until a distinct compliant intent is proven.,P4,Manual review recommended before content changes.
adult toys las vegas,Commercial,Buying decision framework,Secondary,/blog/adult-toy-buying-guide/,"Adult Toy Buying Guide: Safety, Privacy, and Value Checks",Update existing article,Broad adult-wellness shopping intent; prevent cannibalization by assigning to buying guide.,P2,
minecraft adult meal toys,"Informational, Commercial",Unclustered adult wellness/general,Secondary,/blog/adult-toy-buying-guide/,"Adult Toy Buying Guide: Safety, Privacy, and Value Checks",Review manually,No precise cluster match; assign to broad buying guide until a distinct compliant intent is proven.,P4,Manual review recommended before content changes.
pink rabbit adult toy,Commercial,Rabbit vibrators,Secondary,/blog/rabbit-vibrator-guide/,Rabbit Vibrator Guide: Who It Suits and What to Check,Update existing article,Rabbit-style massager product selection intent.,P2,
satisfyer adult toy,Navigational,Unclustered adult wellness/general,Secondary,/blog/adult-toy-buying-guide/,"Adult Toy Buying Guide: Safety, Privacy, and Value Checks",Review manually,No precise cluster match; assign to broad buying guide until a distinct compliant intent is proven.,P4,Manual review recommended before content changes.
vr adult toys,Commercial,Buying decision framework,Secondary,/blog/adult-toy-buying-guide/,"Adult Toy Buying Guide: Safety, Privacy, and Value Checks",Update existing article,Broad adult-wellness shopping intent; prevent cannibalization by assigning to buying guide.,P2,
adam and eve adult toy,Navigational,Unclustered adult wellness/general,Secondary,/blog/adult-toy-buying-guide/,"Adult Toy Buying Guide: Safety, Privacy, and Value Checks",Review manually,No precise cluster match; assign to broad buying guide until a distinct compliant intent is proven.,P4,Manual review recommended before content changes.
adult toys amazon,Commercial,Buying decision framework,Secondary,/blog/adult-toy-buying-guide/,"Adult Toy Buying Guide: Safety, Privacy, and Value Checks",Update existing article,Broad adult-wellness shopping intent; prevent cannibalization by assigning to buying guide.,P2,
adult toys orlando,Commercial,Buying decision framework,Secondary,/blog/adult-toy-buying-guide/,"Adult Toy Buying Guide: Safety, Privacy, and Value Checks",Update existing article,Broad adult-wellness shopping intent; prevent cannibalization by assigning to buying guide.,P2,
hustler adult toy store,Navigational,Unclustered adult wellness/general,Secondary,/blog/adult-toy-buying-guide/,"Adult Toy Buying Guide: Safety, Privacy, and Value Checks",Review manually,No precise cluster match; assign to broad buying guide until a distinct compliant intent is proven.,P4,Manual review recommended before content changes.
lelo adult toy,"Informational, Transactional",Unclustered adult wellness/general,Secondary,/blog/adult-toy-buying-guide/,"Adult Toy Buying Guide: Safety, Privacy, and Value Checks",Review manually,No precise cluster match; assign to broad buying guide until a distinct compliant intent is proven.,P4,Manual review recommended before content changes.
mcdonalds minecraft adult meal toys,Commercial,Unclustered adult wellness/general,Secondary,/blog/adult-toy-buying-guide/,"Adult Toy Buying Guide: Safety, Privacy, and Value Checks",Review manually,No precise cluster match; assign to broad buying guide until a distinct compliant intent is proven.,P4,Manual review recommended before content changes.
strap on adult toys,Commercial,Buying decision framework,Secondary,/blog/adult-toy-buying-guide/,"Adult Toy Buying Guide: Safety, Privacy, and Value Checks",Update existing article,Broad adult-wellness shopping intent; prevent cannibalization by assigning to buying guide.,P2,
we vibe adult toy,"Navigational, Transactional",Unclustered adult wellness/general,Secondary,/blog/adult-toy-buying-guide/,"Adult Toy Buying Guide: Safety, Privacy, and Value Checks",Review manually,No precise cluster match; assign to broad buying guide until a distinct compliant intent is proven.,P4,Manual review recommended before content changes.
adult minecraft happy meal toys,"Informational, Commercial",Unclustered adult wellness/general,Secondary,/blog/adult-toy-buying-guide/,"Adult Toy Buying Guide: Safety, Privacy, and Value Checks",Review manually,No precise cluster match; assign to broad buying guide until a distinct compliant intent is proven.,P4,Manual review recommended before content changes.
adult toy store chicago,Commercial,Unclustered adult wellness/general,Secondary,/blog/adult-toy-buying-guide/,"Adult Toy Buying Guide: Safety, Privacy, and Value Checks",Review manually,No precise cluster match; assign to broad buying guide until a distinct compliant intent is proven.,P4,Manual review recommended before content changes.
adult toys for him and her,Commercial,Buying decision framework,Secondary,/blog/adult-toy-buying-guide/,"Adult Toy Buying Guide: Safety, Privacy, and Value Checks",Update existing article,Broad adult-wellness shopping intent; prevent cannibalization by assigning to buying guide.,P3,
amazon com adult toys,Commercial,Buying decision framework,Secondary,/blog/adult-toy-buying-guide/,"Adult Toy Buying Guide: Safety, Privacy, and Value Checks",Update existing article,Broad adult-wellness shopping intent; prevent cannibalization by assigning to buying guide.,P3,
babeland adult toys,Commercial,Buying decision framework,Secondary,/blog/adult-toy-buying-guide/,"Adult Toy Buying Guide: Safety, Privacy, and Value Checks",Update existing article,Broad adult-wellness shopping intent; prevent cannibalization by assigning to buying guide.,P3,
couples adult toys,Commercial,Couples buying guide,Secondary,/blog/adult-toys-for-couples/,Adult Toys for Couples: How to Choose Together Respectfully,Update existing article,Shared shopping/communication intent.,P2,
dragon adult toys,Commercial,Buying decision framework,Secondary,/blog/adult-toy-buying-guide/,"Adult Toy Buying Guide: Safety, Privacy, and Value Checks",Update existing article,Broad adult-wellness shopping intent; prevent cannibalization by assigning to buying guide.,P3,
mcdonald's adult happy meal toy,"Informational, Commercial",Unclustered adult wellness/general,Secondary,/blog/adult-toy-buying-guide/,"Adult Toy Buying Guide: Safety, Privacy, and Value Checks",Review manually,No precise cluster match; assign to broad buying guide until a distinct compliant intent is proven.,P4,Manual review recommended before content changes.
mcdonalds adult minecraft meal toys,Commercial,Unclustered adult wellness/general,Secondary,/blog/adult-toy-buying-guide/,"Adult Toy Buying Guide: Safety, Privacy, and Value Checks",Review manually,No precise cluster match; assign to broad buying guide until a distinct compliant intent is proven.,P4,Manual review recommended before content changes.
transformer toys for adults,"Informational, Commercial",Unclustered adult wellness/general,Secondary,/blog/adult-toy-buying-guide/,"Adult Toy Buying Guide: Safety, Privacy, and Value Checks",Review manually,No precise cluster match; assign to broad buying guide until a distinct compliant intent is proven.,P4,Manual review recommended before content changes.
adam & eve adult toy store,Navigational,Unclustered adult wellness/general,Secondary,/blog/adult-toy-buying-guide/,"Adult Toy Buying Guide: Safety, Privacy, and Value Checks",Review manually,No precise cluster match; assign to broad buying guide until a distinct compliant intent is proven.,P4,Manual review recommended before content changes.
adult couple toys,Commercial,Unclustered adult wellness/general,Secondary,/blog/adult-toy-buying-guide/,"Adult Toy Buying Guide: Safety, Privacy, and Value Checks",Review manually,No precise cluster match; assign to broad buying guide until a distinct compliant intent is proven.,P4,Manual review recommended before content changes.
adult couples toys,Commercial,Couples buying guide,Secondary,/blog/adult-toys-for-couples/,Adult Toys for Couples: How to Choose Together Respectfully,Update existing article,Shared shopping/communication intent.,P2,
adult toy gif,Commercial,Unclustered adult wellness/general,Secondary,/blog/adult-toy-buying-guide/,"Adult Toy Buying Guide: Safety, Privacy, and Value Checks",Review manually,No precise cluster match; assign to broad buying guide until a distinct compliant intent is proven.,P4,Manual review recommended before content changes.
adult toy poodle size,Informational,Unclustered adult wellness/general,Secondary,/blog/adult-toy-buying-guide/,"Adult Toy Buying Guide: Safety, Privacy, and Value Checks",Review manually,No precise cluster match; assign to broad buying guide until a distinct compliant intent is proven.,P4,Manual review recommended before content changes.
adult toy rose,Informational,Unclustered adult wellness/general,Secondary,/blog/adult-toy-buying-guide/,"Adult Toy Buying Guide: Safety, Privacy, and Value Checks",Review manually,No precise cluster match; assign to broad buying guide until a distinct compliant intent is proven.,P4,Manual review recommended before content changes.
adult toy store nearby,Transactional,Unclustered adult wellness/general,Secondary,/blog/adult-toy-buying-guide/,"Adult Toy Buying Guide: Safety, Privacy, and Value Checks",Review manually,No precise cluster match; assign to broad buying guide until a distinct compliant intent is proven.,P4,Manual review recommended before content changes.
adult toys bdsm,Commercial,Buying decision framework,Secondary,/blog/adult-toy-buying-guide/,"Adult Toy Buying Guide: Safety, Privacy, and Value Checks",Update existing article,Broad adult-wellness shopping intent; prevent cannibalization by assigning to buying guide.,P3,
adult toys fast delivery,Commercial,Buying decision framework,Secondary,/blog/adult-toy-buying-guide/,"Adult Toy Buying Guide: Safety, Privacy, and Value Checks",Update existing article,Broad adult-wellness shopping intent; prevent cannibalization by assigning to buying guide.,P3,
adult toys target,Commercial,Buying decision framework,Secondary,/blog/adult-toy-buying-guide/,"Adult Toy Buying Guide: Safety, Privacy, and Value Checks",Update existing article,Broad adult-wellness shopping intent; prevent cannibalization by assigning to buying guide.,P3,
amazon adult toy,"Navigational, Transactional",Unclustered adult wellness/general,Secondary,/blog/adult-toy-buying-guide/,"Adult Toy Buying Guide: Safety, Privacy, and Value Checks",Review manually,No precise cluster match; assign to broad buying guide until a distinct compliant intent is proven.,P4,Manual review recommended before content changes.
best adult toys for men,Commercial,Buying decision framework,Secondary,/blog/adult-toy-buying-guide/,"Adult Toy Buying Guide: Safety, Privacy, and Value Checks",Update existing article,Broad adult-wellness shopping intent; prevent cannibalization by assigning to buying guide.,P3,
best male adult toys,Commercial,Buying decision framework,Secondary,/blog/adult-toy-buying-guide/,"Adult Toy Buying Guide: Safety, Privacy, and Value Checks",Update existing article,Broad adult-wellness shopping intent; prevent cannibalization by assigning to buying guide.,P3,
closest adult toy store,Commercial,Unclustered adult wellness/general,Secondary,/blog/adult-toy-buying-guide/,"Adult Toy Buying Guide: Safety, Privacy, and Value Checks",Review manually,No precise cluster match; assign to broad buying guide until a distinct compliant intent is proven.,P4,Manual review recommended before content changes.
female adult toy,Commercial,Unclustered adult wellness/general,Secondary,/blog/adult-toy-buying-guide/,"Adult Toy Buying Guide: Safety, Privacy, and Value Checks",Review manually,No precise cluster match; assign to broad buying guide until a distinct compliant intent is proven.,P4,Manual review recommended before content changes.
magnetic fidget toys for adults,Out of scope / avoid targeting,Non-relevant adult fidget/toy query,Excluded,/blog/,Non-relevant adult fidget/toy query,No blog targeting,Out of scope: fidget/non-wellness meaning; keep off article targets to protect topical focus.,P4,
rc toys for adults,Commercial,Unclustered adult wellness/general,Secondary,/blog/adult-toy-buying-guide/,"Adult Toy Buying Guide: Safety, Privacy, and Value Checks",Review manually,No precise cluster match; assign to broad buying guide until a distinct compliant intent is proven.,P4,Manual review recommended before content changes.
the rose adult toys,Commercial,Buying decision framework,Secondary,/blog/adult-toy-buying-guide/,"Adult Toy Buying Guide: Safety, Privacy, and Value Checks",Update existing article,Broad adult-wellness shopping intent; prevent cannibalization by assigning to buying guide.,P3,
adam eve adult toy,Navigational,Unclustered adult wellness/general,Secondary,/blog/adult-toy-buying-guide/,"Adult Toy Buying Guide: Safety, Privacy, and Value Checks",Review manually,No precise cluster match; assign to broad buying guide until a distinct compliant intent is proven.,P4,Manual review recommended before content changes.
adult cat toys,Commercial,Unclustered adult wellness/general,Secondary,/blog/adult-toy-buying-guide/,"Adult Toy Buying Guide: Safety, Privacy, and Value Checks",Review manually,No precise cluster match; assign to broad buying guide until a distinct compliant intent is proven.,P4,Manual review recommended before content changes.
adult toy box subscription,Informational,Unclustered adult wellness/general,Secondary,/blog/adult-toy-buying-guide/,"Adult Toy Buying Guide: Safety, Privacy, and Value Checks",Review manually,No precise cluster match; assign to broad buying guide until a distinct compliant intent is proven.,P4,Manual review recommended before content changes.
adult toy store dallas,Commercial,Unclustered adult wellness/general,Secondary,/blog/adult-toy-buying-guide/,"Adult Toy Buying Guide: Safety, Privacy, and Value Checks",Review manually,No precise cluster match; assign to broad buying guide until a distinct compliant intent is proven.,P4,Manual review recommended before content changes.
adult toy store las vegas,Commercial,Unclustered adult wellness/general,Secondary,/blog/adult-toy-buying-guide/,"Adult Toy Buying Guide: Safety, Privacy, and Value Checks",Review manually,No precise cluster match; assign to broad buying guide until a distinct compliant intent is proven.,P4,Manual review recommended before content changes.
adult toy store vegas,Commercial,Unclustered adult wellness/general,Secondary,/blog/adult-toy-buying-guide/,"Adult Toy Buying Guide: Safety, Privacy, and Value Checks",Review manually,No precise cluster match; assign to broad buying guide until a distinct compliant intent is proven.,P4,Manual review recommended before content changes.
adult toys denver,Commercial,Buying decision framework,Secondary,/blog/adult-toy-buying-guide/,"Adult Toy Buying Guide: Safety, Privacy, and Value Checks",Update existing article,Broad adult-wellness shopping intent; prevent cannibalization by assigning to buying guide.,P3,
adult toys denver co,Commercial,Buying decision framework,Secondary,/blog/adult-toy-buying-guide/,"Adult Toy Buying Guide: Safety, Privacy, and Value Checks",Update existing article,Broad adult-wellness shopping intent; prevent cannibalization by assigning to buying guide.,P3,
adult toys prostate massager,Commercial,Buying decision framework,Secondary,/blog/adult-toy-buying-guide/,"Adult Toy Buying Guide: Safety, Privacy, and Value Checks",Update existing article,Broad adult-wellness shopping intent; prevent cannibalization by assigning to buying guide.,P3,
auckland adult toy dhop,Commercial,Unclustered adult wellness/general,Secondary,/blog/adult-toy-buying-guide/,"Adult Toy Buying Guide: Safety, Privacy, and Value Checks",Review manually,No precise cluster match; assign to broad buying guide until a distinct compliant intent is proven.,P4,Manual review recommended before content changes.
best adult toys for couples,Commercial,Couples buying guide,Secondary,/blog/adult-toys-for-couples/,Adult Toys for Couples: How to Choose Together Respectfully,Update existing article,Shared shopping/communication intent.,P2,
discrete adult toys,Commercial,Buying decision framework,Secondary,/blog/adult-toy-buying-guide/,"Adult Toy Buying Guide: Safety, Privacy, and Value Checks",Update existing article,Broad adult-wellness shopping intent; prevent cannibalization by assigning to buying guide.,P3,
how to clean adult toys,How-to,Cleaning and storage,Secondary,/blog/adult-toy-cleaner-guide/,Adult Toy Cleaner: When You Need It and How to Use It,Update existing article,Cleaning/hygiene how-to intent.,P1,
hustler adult toys,Commercial,Buying decision framework,Secondary,/blog/adult-toy-buying-guide/,"Adult Toy Buying Guide: Safety, Privacy, and Value Checks",Update existing article,Broad adult-wellness shopping intent; prevent cannibalization by assigning to buying guide.,P3,
images of adult toys,Commercial,Buying decision framework,Secondary,/blog/adult-toy-buying-guide/,"Adult Toy Buying Guide: Safety, Privacy, and Value Checks",Update existing article,Broad adult-wellness shopping intent; prevent cannibalization by assigning to buying guide.,P3,
minecraft adult toys,Commercial,Buying decision framework,Secondary,/blog/adult-toy-buying-guide/,"Adult Toy Buying Guide: Safety, Privacy, and Value Checks",Update existing article,Broad adult-wellness shopping intent; prevent cannibalization by assigning to buying guide.,P3,
wand adult toy,Commercial,Wand massagers,Secondary,/blog/wand-massager-guide/,"Wand Massager Guide: Power, Noise, Weight, and Care",Update existing article,Wand massager product selection intent.,P2,
adult toy porn,Informational,Unclustered adult wellness/general,Secondary,/blog/adult-toy-buying-guide/,"Adult Toy Buying Guide: Safety, Privacy, and Value Checks",Review manually,No precise cluster match; assign to broad buying guide until a distinct compliant intent is proven.,P4,Manual review recommended before content changes.
adult toy subscription box,Commercial,Unclustered adult wellness/general,Secondary,/blog/adult-toy-buying-guide/,"Adult Toy Buying Guide: Safety, Privacy, and Value Checks",Review manually,No precise cluster match; assign to broad buying guide until a distinct compliant intent is proven.,P4,Manual review recommended before content changes.
adult toys and videos,Commercial,Buying decision framework,Secondary,/blog/adult-toy-buying-guide/,"Adult Toy Buying Guide: Safety, Privacy, and Value Checks",Update existing article,Broad adult-wellness shopping intent; prevent cannibalization by assigning to buying guide.,P3,
adult toys for married couples,Commercial,Couples buying guide,Secondary,/blog/adult-toys-for-couples/,Adult Toys for Couples: How to Choose Together Respectfully,Update existing article,Shared shopping/communication intent.,P2,
adult toys magic wand,How-to,Travel privacy,Secondary,/blog/travel-with-adult-toys/,"Traveling With Adult Toys: Packing, Charging, and Privacy",Update existing article,Keep guidance practical and remind readers to check local laws. Commercial value: Medium; difficulty: Medium.,P3,Mapped from existing keyword cluster file.
adult toys porn,Commercial,Buying decision framework,Secondary,/blog/adult-toy-buying-guide/,"Adult Toy Buying Guide: Safety, Privacy, and Value Checks",Update existing article,Broad adult-wellness shopping intent; prevent cannibalization by assigning to buying guide.,P3,
anal adult toy,Beginner Guide,Beginner anal wellness,Secondary,/blog/anal-toys-for-beginners/,"Anal Toys for Beginners: Safety, Size, and Comfort Basics",Update existing article,"Beginner, safety-first anal wellness intent.",P2,
closest adult toy store near me,Transactional,Unclustered adult wellness/general,Secondary,/blog/adult-toy-buying-guide/,"Adult Toy Buying Guide: Safety, Privacy, and Value Checks",Review manually,No precise cluster match; assign to broad buying guide until a distinct compliant intent is proven.,P4,Manual review recommended before content changes.
gun toys for adults,Commercial,Unclustered adult wellness/general,Secondary,/blog/adult-toy-buying-guide/,"Adult Toy Buying Guide: Safety, Privacy, and Value Checks",Review manually,No precise cluster match; assign to broad buying guide until a distinct compliant intent is proven.,P4,Manual review recommended before content changes.
harry styles adult toys,Commercial,Buying decision framework,Secondary,/blog/adult-toy-buying-guide/,"Adult Toy Buying Guide: Safety, Privacy, and Value Checks",Update existing article,Broad adult-wellness shopping intent; prevent cannibalization by assigning to buying guide.,P3,
homemade adult toys,Commercial,Buying decision framework,Secondary,/blog/adult-toy-buying-guide/,"Adult Toy Buying Guide: Safety, Privacy, and Value Checks",Update existing article,Broad adult-wellness shopping intent; prevent cannibalization by assigning to buying guide.,P3,
love toys adult novelties,Commercial,Unclustered adult wellness/general,Secondary,/blog/adult-toy-buying-guide/,"Adult Toy Buying Guide: Safety, Privacy, and Value Checks",Review manually,No precise cluster match; assign to broad buying guide until a distinct compliant intent is proven.,P4,Manual review recommended before content changes.
lovehoney adult toys,Commercial,Buying decision framework,Secondary,/blog/adult-toy-buying-guide/,"Adult Toy Buying Guide: Safety, Privacy, and Value Checks",Update existing article,Broad adult-wellness shopping intent; prevent cannibalization by assigning to buying guide.,P3,
mcdonalds minecraft toys adult,Commercial,Unclustered adult wellness/general,Secondary,/blog/adult-toy-buying-guide/,"Adult Toy Buying Guide: Safety, Privacy, and Value Checks",Review manually,No precise cluster match; assign to broad buying guide until a distinct compliant intent is proven.,P4,Manual review recommended before content changes.
plug adult toy,Commercial,Unclustered adult wellness/general,Secondary,/blog/adult-toy-buying-guide/,"Adult Toy Buying Guide: Safety, Privacy, and Value Checks",Review manually,No precise cluster match; assign to broad buying guide until a distinct compliant intent is proven.,P4,Manual review recommended before content changes.
starship adult toys,Commercial,Buying decision framework,Secondary,/blog/adult-toy-buying-guide/,"Adult Toy Buying Guide: Safety, Privacy, and Value Checks",Update existing article,Broad adult-wellness shopping intent; prevent cannibalization by assigning to buying guide.,P3,
anal toys for beginners,Beginner Guide,Beginner anal wellness,Primary,/blog/anal-toys-for-beginners/,"Anal Toys for Beginners: Safety, Size, and Comfort Basics",Update existing article,"Prioritize anatomy-safe design, patience, and non-medical caution. Commercial value: Medium; difficulty: Medium.",P2,Mapped from existing keyword cluster file.
best anal toys for beginners,Beginner Guide,Beginner anal wellness,Secondary,/blog/anal-toys-for-beginners/,"Anal Toys for Beginners: Safety, Size, and Comfort Basics",Update existing article,"Beginner, safety-first anal wellness intent.",P2,
body safe glass sex toys made of,How-to,Cleaning and storage,Secondary,/blog/how-to-clean-silicone-sex-toys/,How to Clean Silicone Sex Toys Without Damaging Them,Update existing article,Separate silicone material care from electronics care. Commercial value: Medium; difficulty: Easy.,P2,Mapped from existing keyword cluster file.
body safe sex toys,Informational,Body-safe materials,Primary,/blog/body-safe-sex-toys/,"Body-Safe Sex Toys: Materials, Labels, and Red Flags",Update existing article,Turn confusing material claims into a simple safety checklist. Commercial value: High; difficulty: Medium.,P1,Mapped from existing keyword cluster file.
bullet vibrator,How-to,Vibrator selection,Secondary,/blog/how-to-choose-a-vibrator/,How to Choose a Vibrator: A Practical Decision Checklist,Update existing article,Turn a crowded category into a short decision tree. Commercial value: High; difficulty: Easy.,P1,Mapped from existing keyword cluster file.
bullet vibrators,Beginner Guide,Beginner vibrator selection,Secondary,/blog/vibrators-for-beginners/,Vibrators for Beginners: How to Choose Without Guesswork,Update existing article,Explain what features matter first and which advanced features can wait. Commercial value: High; difficulty: Easy.,P1,Mapped from existing keyword cluster file.
plus one vibrating bullet,Commercial,Compact vibrators,Secondary,/blog/bullet-vibrator-guide/,"Bullet Vibrator Guide: Small Size, Simple Controls, Big Questions",Update existing article,Compact vibrator product selection intent.,P1,
vibrating bullet,Commercial,Compact vibrators,Secondary,/blog/bullet-vibrator-guide/,"Bullet Vibrator Guide: Small Size, Simple Controls, Big Questions",Update existing article,Compact vibrator product selection intent.,P1,
best bullet vibrator,How-to,Vibrator selection,Secondary,/blog/how-to-choose-a-vibrator/,How to Choose a Vibrator: A Practical Decision Checklist,Update existing article,Turn a crowded category into a short decision tree. Commercial value: High; difficulty: Easy.,P1,Mapped from existing keyword cluster file.
vibrator bullet,How-to,Vibrator selection,Secondary,/blog/how-to-choose-a-vibrator/,How to Choose a Vibrator: A Practical Decision Checklist,Update existing article,Turn a crowded category into a short decision tree. Commercial value: High; difficulty: Easy.,P1,Mapped from existing keyword cluster file.
how to use a bullet vibrator,Commercial,Compact vibrators,Secondary,/blog/bullet-vibrator-guide/,"Bullet Vibrator Guide: Small Size, Simple Controls, Big Questions",Update existing article,Help buyers decide if compact size is a benefit or limitation. Commercial value: High; difficulty: Easy.,P1,Mapped from existing keyword cluster file.
plus one vibrating super bullet,Commercial,Compact vibrators,Secondary,/blog/bullet-vibrator-guide/,"Bullet Vibrator Guide: Small Size, Simple Controls, Big Questions",Update existing article,Compact vibrator product selection intent.,P1,
silver bullet vibrator,Commercial,Compact vibrators,Secondary,/blog/bullet-vibrator-guide/,"Bullet Vibrator Guide: Small Size, Simple Controls, Big Questions",Update existing article,Help buyers decide if compact size is a benefit or limitation. Commercial value: High; difficulty: Easy.,P1,Mapped from existing keyword cluster file.
bullet vibrater,Commercial,Compact vibrators,Secondary,/blog/bullet-vibrator-guide/,"Bullet Vibrator Guide: Small Size, Simple Controls, Big Questions",Update existing article,Compact vibrator product selection intent.,P2,
bullet vibration,Commercial,Compact vibrators,Secondary,/blog/bullet-vibrator-guide/,"Bullet Vibrator Guide: Small Size, Simple Controls, Big Questions",Update existing article,Compact vibrator product selection intent.,P2,
bullet vibrator for women,Commercial,Compact vibrators,Secondary,/blog/bullet-vibrator-guide/,"Bullet Vibrator Guide: Small Size, Simple Controls, Big Questions",Update existing article,Help buyers decide if compact size is a benefit or limitation. Commercial value: High; difficulty: Easy.,P2,Mapped from existing keyword cluster file.
plusone vibrating bullet,Commercial,Compact vibrators,Secondary,/blog/bullet-vibrator-guide/,"Bullet Vibrator Guide: Small Size, Simple Controls, Big Questions",Update existing article,Compact vibrator product selection intent.,P2,
how to use bullet vibrator,Commercial,Compact vibrators,Secondary,/blog/bullet-vibrator-guide/,"Bullet Vibrator Guide: Small Size, Simple Controls, Big Questions",Update existing article,Compact vibrator product selection intent.,P2,
mini bullet vibrator,Commercial,Compact vibrators,Secondary,/blog/bullet-vibrator-guide/,"Bullet Vibrator Guide: Small Size, Simple Controls, Big Questions",Update existing article,Compact vibrator product selection intent.,P2,
the bullet vibrator,Commercial,Compact vibrators,Secondary,/blog/bullet-vibrator-guide/,"Bullet Vibrator Guide: Small Size, Simple Controls, Big Questions",Update existing article,Help buyers decide if compact size is a benefit or limitation. Commercial value: High; difficulty: Easy.,P2,Mapped from existing keyword cluster file.
best bullet vibrators,Beginner Guide,Beginner vibrator selection,Secondary,/blog/vibrators-for-beginners/,Vibrators for Beginners: How to Choose Without Guesswork,Update existing article,Explain what features matter first and which advanced features can wait. Commercial value: High; difficulty: Easy.,P1,Mapped from existing keyword cluster file.
bullet vibratir,Commercial,Compact vibrators,Secondary,/blog/bullet-vibrator-guide/,"Bullet Vibrator Guide: Small Size, Simple Controls, Big Questions",Update existing article,Compact vibrator product selection intent.,P2,
small bullet vibrator,Commercial,Compact vibrators,Secondary,/blog/bullet-vibrator-guide/,"Bullet Vibrator Guide: Small Size, Simple Controls, Big Questions",Update existing article,Compact vibrator product selection intent.,P2,
bullet vibrator charger,Commercial,Compact vibrators,Secondary,/blog/bullet-vibrator-guide/,"Bullet Vibrator Guide: Small Size, Simple Controls, Big Questions",Update existing article,Compact vibrator product selection intent.,P2,
magic bullet vibrator,Commercial,Compact vibrators,Secondary,/blog/bullet-vibrator-guide/,"Bullet Vibrator Guide: Small Size, Simple Controls, Big Questions",Update existing article,Compact vibrator product selection intent.,P2,
bullet vibrator chargjng time,Commercial,Compact vibrators,Secondary,/blog/bullet-vibrator-guide/,"Bullet Vibrator Guide: Small Size, Simple Controls, Big Questions",Update existing article,Compact vibrator product selection intent.,P2,
how do you use a vibrating bullet,Commercial,Compact vibrators,Secondary,/blog/bullet-vibrator-guide/,"Bullet Vibrator Guide: Small Size, Simple Controls, Big Questions",Update existing article,Compact vibrator product selection intent.,P2,
plus one bullet vibrator,Commercial,Compact vibrators,Secondary,/blog/bullet-vibrator-guide/,"Bullet Vibrator Guide: Small Size, Simple Controls, Big Questions",Update existing article,Compact vibrator product selection intent.,P2,
bullet vibrator keelung,Commercial,Compact vibrators,Secondary,/blog/bullet-vibrator-guide/,"Bullet Vibrator Guide: Small Size, Simple Controls, Big Questions",Update existing article,Compact vibrator product selection intent.,P2,
vibrating cock ring,Beginner Guide,Couples accessories,Secondary,/blog/cock-ring-guide/,"Cock Ring Guide: Fit, Materials, and Beginner Safety",Update existing article,"Emphasize fit, time limits, and comfort over exaggerated claims. Commercial value: High; difficulty: Medium.",P1,Mapped from existing keyword cluster file.
what is a cock ring,Beginner Guide,Couples accessories,Secondary,/blog/cock-ring-guide/,"Cock Ring Guide: Fit, Materials, and Beginner Safety",Update existing article,"Emphasize fit, time limits, and comfort over exaggerated claims. Commercial value: High; difficulty: Medium.",P1,Mapped from existing keyword cluster file.
how to use a cock ring,Beginner Guide,Couples accessories,Secondary,/blog/cock-ring-guide/,"Cock Ring Guide: Fit, Materials, and Beginner Safety",Update existing article,"Emphasize fit, time limits, and comfort over exaggerated claims. Commercial value: High; difficulty: Medium.",P1,Mapped from existing keyword cluster file.
what do cock rings do,Beginner Guide,Couples accessories,Secondary,/blog/cock-ring-guide/,"Cock Ring Guide: Fit, Materials, and Beginner Safety",Update existing article,Fit/comfort/time-limit beginner guidance.,P1,
best cock ring,Beginner Guide,Couples accessories,Secondary,/blog/cock-ring-guide/,"Cock Ring Guide: Fit, Materials, and Beginner Safety",Update existing article,"Emphasize fit, time limits, and comfort over exaggerated claims. Commercial value: High; difficulty: Medium.",P1,Mapped from existing keyword cluster file.
frank ocean cock ring,Beginner Guide,Couples accessories,Secondary,/blog/cock-ring-guide/,"Cock Ring Guide: Fit, Materials, and Beginner Safety",Update existing article,Fit/comfort/time-limit beginner guidance.,P1,
how to use cock ring,Beginner Guide,Couples accessories,Secondary,/blog/cock-ring-guide/,"Cock Ring Guide: Fit, Materials, and Beginner Safety",Update existing article,"Emphasize fit, time limits, and comfort over exaggerated claims. Commercial value: High; difficulty: Medium.",P1,Mapped from existing keyword cluster file.
how to wear a cock ring,Beginner Guide,Couples accessories,Secondary,/blog/cock-ring-guide/,"Cock Ring Guide: Fit, Materials, and Beginner Safety",Update existing article,"Emphasize fit, time limits, and comfort over exaggerated claims. Commercial value: High; difficulty: Medium.",P1,Mapped from existing keyword cluster file.
best cock rings,Beginner Guide,Couples accessories,Secondary,/blog/cock-ring-guide/,"Cock Ring Guide: Fit, Materials, and Beginner Safety",Update existing article,Fit/comfort/time-limit beginner guidance.,P1,
cock ring vibrator,How-to,Vibrator selection,Secondary,/blog/how-to-choose-a-vibrator/,How to Choose a Vibrator: A Practical Decision Checklist,Update existing article,Turn a crowded category into a short decision tree. Commercial value: High; difficulty: Easy.,P1,Mapped from existing keyword cluster file.
how to put on a cock ring,Beginner Guide,Couples accessories,Secondary,/blog/cock-ring-guide/,"Cock Ring Guide: Fit, Materials, and Beginner Safety",Update existing article,Fit/comfort/time-limit beginner guidance.,P1,
what is a cock ring for,Beginner Guide,Couples accessories,Secondary,/blog/cock-ring-guide/,"Cock Ring Guide: Fit, Materials, and Beginner Safety",Update existing article,Fit/comfort/time-limit beginner guidance.,P1,
metal cock ring,Beginner Guide,Couples accessories,Secondary,/blog/cock-ring-guide/,"Cock Ring Guide: Fit, Materials, and Beginner Safety",Update existing article,Fit/comfort/time-limit beginner guidance.,P1,
cock and ball ring,Commercial,Unclustered adult wellness/general,Secondary,/blog/adult-toy-buying-guide/,"Adult Toy Buying Guide: Safety, Privacy, and Value Checks",Review manually,No precise cluster match; assign to broad buying guide until a distinct compliant intent is proven.,P4,Manual review recommended before content changes.
vibrating cock rings,Beginner Guide,Couples accessories,Secondary,/blog/cock-ring-guide/,"Cock Ring Guide: Fit, Materials, and Beginner Safety",Update existing article,Fit/comfort/time-limit beginner guidance.,P1,
adjustable cock ring,Beginner Guide,Couples accessories,Secondary,/blog/cock-ring-guide/,"Cock Ring Guide: Fit, Materials, and Beginner Safety",Update existing article,Fit/comfort/time-limit beginner guidance.,P1,
cock ring porn,Beginner Guide,Couples accessories,Secondary,/blog/cock-ring-guide/,"Cock Ring Guide: Fit, Materials, and Beginner Safety",Update existing article,Fit/comfort/time-limit beginner guidance.,P1,
how to put on cock ring,Beginner Guide,Couples accessories,Secondary,/blog/cock-ring-guide/,"Cock Ring Guide: Fit, Materials, and Beginner Safety",Update existing article,Fit/comfort/time-limit beginner guidance.,P2,
how to use cock rings,Beginner Guide,Couples accessories,Secondary,/blog/cock-ring-guide/,"Cock Ring Guide: Fit, Materials, and Beginner Safety",Update existing article,Fit/comfort/time-limit beginner guidance.,P2,
how to wear cock ring,Beginner Guide,Couples accessories,Secondary,/blog/cock-ring-guide/,"Cock Ring Guide: Fit, Materials, and Beginner Safety",Update existing article,Fit/comfort/time-limit beginner guidance.,P2,
what is a cock ring used for,Beginner Guide,Couples accessories,Secondary,/blog/cock-ring-guide/,"Cock Ring Guide: Fit, Materials, and Beginner Safety",Update existing article,Fit/comfort/time-limit beginner guidance.,P2,
cock ring reddit,Beginner Guide,Couples accessories,Secondary,/blog/cock-ring-guide/,"Cock Ring Guide: Fit, Materials, and Beginner Safety",Update existing article,Fit/comfort/time-limit beginner guidance.,P2,
silicone cock ring,Beginner Guide,Couples accessories,Secondary,/blog/cock-ring-guide/,"Cock Ring Guide: Fit, Materials, and Beginner Safety",Update existing article,Fit/comfort/time-limit beginner guidance.,P2,
clear cock ring porn,Beginner Guide,Couples accessories,Secondary,/blog/cock-ring-guide/,"Cock Ring Guide: Fit, Materials, and Beginner Safety",Update existing article,Fit/comfort/time-limit beginner guidance.,P2,
cock ring benefits,Beginner Guide,Couples accessories,Secondary,/blog/cock-ring-guide/,"Cock Ring Guide: Fit, Materials, and Beginner Safety",Update existing article,Fit/comfort/time-limit beginner guidance.,P2,
cock ring ken,Beginner Guide,Couples accessories,Secondary,/blog/cock-ring-guide/,"Cock Ring Guide: Fit, Materials, and Beginner Safety",Update existing article,Fit/comfort/time-limit beginner guidance.,P2,
cock ring near me,Beginner Guide,Couples accessories,Secondary,/blog/cock-ring-guide/,"Cock Ring Guide: Fit, Materials, and Beginner Safety",Update existing article,Fit/comfort/time-limit beginner guidance.,P2,
cock ring with vibrator,How-to,Vibrator selection,Secondary,/blog/how-to-choose-a-vibrator/,How to Choose a Vibrator: A Practical Decision Checklist,Update existing article,General vibrator selection; route subtype terms to subtype articles.,P2,
popularmmos cock ring,Beginner Guide,Couples accessories,Secondary,/blog/cock-ring-guide/,"Cock Ring Guide: Fit, Materials, and Beginner Safety",Update existing article,Fit/comfort/time-limit beginner guidance.,P2,
whats the point of a cock ring,Beginner Guide,Couples accessories,Secondary,/blog/cock-ring-guide/,"Cock Ring Guide: Fit, Materials, and Beginner Safety",Update existing article,Fit/comfort/time-limit beginner guidance.,P2,
will a urologist help you put on a cock ring,Beginner Guide,Couples accessories,Secondary,/blog/cock-ring-guide/,"Cock Ring Guide: Fit, Materials, and Beginner Safety",Update existing article,Fit/comfort/time-limit beginner guidance.,P2,
cock rings near me,Beginner Guide,Couples accessories,Secondary,/blog/cock-ring-guide/,"Cock Ring Guide: Fit, Materials, and Beginner Safety",Update existing article,Fit/comfort/time-limit beginner guidance.,P2,
do cock rings make you last longer,Beginner Guide,Couples accessories,Secondary,/blog/cock-ring-guide/,"Cock Ring Guide: Fit, Materials, and Beginner Safety",Update existing article,Fit/comfort/time-limit beginner guidance.,P2,
good cock rings,Beginner Guide,Couples accessories,Secondary,/blog/cock-ring-guide/,"Cock Ring Guide: Fit, Materials, and Beginner Safety",Update existing article,Fit/comfort/time-limit beginner guidance.,P2,
rubber cock ring,Beginner Guide,Couples accessories,Secondary,/blog/cock-ring-guide/,"Cock Ring Guide: Fit, Materials, and Beginner Safety",Update existing article,Fit/comfort/time-limit beginner guidance.,P2,
benefits of a cock ring,Beginner Guide,Couples accessories,Secondary,/blog/cock-ring-guide/,"Cock Ring Guide: Fit, Materials, and Beginner Safety",Update existing article,Fit/comfort/time-limit beginner guidance.,P2,
best vibrating cock rings,Beginner Guide,Couples accessories,Secondary,/blog/cock-ring-guide/,"Cock Ring Guide: Fit, Materials, and Beginner Safety",Update existing article,Fit/comfort/time-limit beginner guidance.,P2,
cheap cock ring vibrators,Beginner Guide,Beginner vibrator selection,Secondary,/blog/vibrators-for-beginners/,Vibrators for Beginners: How to Choose Without Guesswork,Update existing article,Explain what features matter first and which advanced features can wait. Commercial value: High; difficulty: Easy.,P1,Mapped from existing keyword cluster file.
cock ring amazon,Beginner Guide,Couples accessories,Secondary,/blog/cock-ring-guide/,"Cock Ring Guide: Fit, Materials, and Beginner Safety",Update existing article,Fit/comfort/time-limit beginner guidance.,P2,
cock ring sizes,Beginner Guide,Couples accessories,Secondary,/blog/cock-ring-guide/,"Cock Ring Guide: Fit, Materials, and Beginner Safety",Update existing article,Fit/comfort/time-limit beginner guidance.,P2,
double cock ring,Beginner Guide,Couples accessories,Secondary,/blog/cock-ring-guide/,"Cock Ring Guide: Fit, Materials, and Beginner Safety",Update existing article,Fit/comfort/time-limit beginner guidance.,P2,
double penetration cock ring,Beginner Guide,Couples accessories,Secondary,/blog/cock-ring-guide/,"Cock Ring Guide: Fit, Materials, and Beginner Safety",Update existing article,Fit/comfort/time-limit beginner guidance.,P2,
how do you use a cock ring,Beginner Guide,Couples accessories,Secondary,/blog/cock-ring-guide/,"Cock Ring Guide: Fit, Materials, and Beginner Safety",Update existing article,Fit/comfort/time-limit beginner guidance.,P2,
how tight should a cock ring be,Beginner Guide,Couples accessories,Secondary,/blog/cock-ring-guide/,"Cock Ring Guide: Fit, Materials, and Beginner Safety",Update existing article,Fit/comfort/time-limit beginner guidance.,P2,
silicone cock rings,Beginner Guide,Couples accessories,Secondary,/blog/cock-ring-guide/,"Cock Ring Guide: Fit, Materials, and Beginner Safety",Update existing article,Fit/comfort/time-limit beginner guidance.,P2,
using a cock ring,Beginner Guide,Couples accessories,Secondary,/blog/cock-ring-guide/,"Cock Ring Guide: Fit, Materials, and Beginner Safety",Update existing article,Fit/comfort/time-limit beginner guidance.,P2,
what does cock ring do,Beginner Guide,Couples accessories,Secondary,/blog/cock-ring-guide/,"Cock Ring Guide: Fit, Materials, and Beginner Safety",Update existing article,Fit/comfort/time-limit beginner guidance.,P2,
what is the point of a cock ring,Beginner Guide,Couples accessories,Secondary,/blog/cock-ring-guide/,"Cock Ring Guide: Fit, Materials, and Beginner Safety",Update existing article,Fit/comfort/time-limit beginner guidance.,P2,
bullring cock ring,Beginner Guide,Couples accessories,Secondary,/blog/cock-ring-guide/,"Cock Ring Guide: Fit, Materials, and Beginner Safety",Update existing article,Fit/comfort/time-limit beginner guidance.,P2,
cock ring thisvid,Beginner Guide,Couples accessories,Secondary,/blog/cock-ring-guide/,"Cock Ring Guide: Fit, Materials, and Beginner Safety",Update existing article,Fit/comfort/time-limit beginner guidance.,P2,
cock ring vibrating,Beginner Guide,Couples accessories,Secondary,/blog/cock-ring-guide/,"Cock Ring Guide: Fit, Materials, and Beginner Safety",Update existing article,Fit/comfort/time-limit beginner guidance.,P2,
how do you put on a cock ring,Beginner Guide,Couples accessories,Secondary,/blog/cock-ring-guide/,"Cock Ring Guide: Fit, Materials, and Beginner Safety",Update existing article,Fit/comfort/time-limit beginner guidance.,P2,
primal cock rings,Beginner Guide,Couples accessories,Secondary,/blog/cock-ring-guide/,"Cock Ring Guide: Fit, Materials, and Beginner Safety",Update existing article,Fit/comfort/time-limit beginner guidance.,P2,
rose cock ring,Beginner Guide,Couples accessories,Secondary,/blog/cock-ring-guide/,"Cock Ring Guide: Fit, Materials, and Beginner Safety",Update existing article,Fit/comfort/time-limit beginner guidance.,P2,
what is a cock.ring,Informational,Unclustered adult wellness/general,Secondary,/blog/adult-toy-buying-guide/,"Adult Toy Buying Guide: Safety, Privacy, and Value Checks",Review manually,No precise cluster match; assign to broad buying guide until a distinct compliant intent is proven.,P4,Manual review recommended before content changes.
whats a cock ring for,Beginner Guide,Couples accessories,Secondary,/blog/cock-ring-guide/,"Cock Ring Guide: Fit, Materials, and Beginner Safety",Update existing article,Fit/comfort/time-limit beginner guidance.,P2,
benefits of cock ring,Beginner Guide,Couples accessories,Secondary,/blog/cock-ring-guide/,"Cock Ring Guide: Fit, Materials, and Beginner Safety",Update existing article,Fit/comfort/time-limit beginner guidance.,P2,
cock ring butt plug,Beginner Guide,Couples accessories,Secondary,/blog/cock-ring-guide/,"Cock Ring Guide: Fit, Materials, and Beginner Safety",Update existing article,Fit/comfort/time-limit beginner guidance.,P2,
cock ring dildo,Beginner Guide,Couples accessories,Secondary,/blog/cock-ring-guide/,"Cock Ring Guide: Fit, Materials, and Beginner Safety",Update existing article,Fit/comfort/time-limit beginner guidance.,P2,
cock ring metal,Beginner Guide,Couples accessories,Secondary,/blog/cock-ring-guide/,"Cock Ring Guide: Fit, Materials, and Beginner Safety",Update existing article,Fit/comfort/time-limit beginner guidance.,P2,
cock ring review,Beginner Guide,Couples accessories,Secondary,/blog/cock-ring-guide/,"Cock Ring Guide: Fit, Materials, and Beginner Safety",Update existing article,Fit/comfort/time-limit beginner guidance.,P2,
cock ring size,Beginner Guide,Couples accessories,Secondary,/blog/cock-ring-guide/,"Cock Ring Guide: Fit, Materials, and Beginner Safety",Update existing article,Fit/comfort/time-limit beginner guidance.,P2,
cock ring sizing,Beginner Guide,Couples accessories,Secondary,/blog/cock-ring-guide/,"Cock Ring Guide: Fit, Materials, and Beginner Safety",Update existing article,Fit/comfort/time-limit beginner guidance.,P2,
how long can you wear a cock ring,Beginner Guide,Couples accessories,Secondary,/blog/cock-ring-guide/,"Cock Ring Guide: Fit, Materials, and Beginner Safety",Update existing article,Fit/comfort/time-limit beginner guidance.,P2,
mens cock ring,Beginner Guide,Couples accessories,Secondary,/blog/cock-ring-guide/,"Cock Ring Guide: Fit, Materials, and Beginner Safety",Update existing article,Fit/comfort/time-limit beginner guidance.,P2,
mens cock rings,Beginner Guide,Couples accessories,Secondary,/blog/cock-ring-guide/,"Cock Ring Guide: Fit, Materials, and Beginner Safety",Update existing article,Fit/comfort/time-limit beginner guidance.,P2,
primal cock ring,Beginner Guide,Couples accessories,Secondary,/blog/cock-ring-guide/,"Cock Ring Guide: Fit, Materials, and Beginner Safety",Update existing article,Fit/comfort/time-limit beginner guidance.,P2,
purpose of cock ring,Beginner Guide,Couples accessories,Secondary,/blog/cock-ring-guide/,"Cock Ring Guide: Fit, Materials, and Beginner Safety",Update existing article,Fit/comfort/time-limit beginner guidance.,P2,
remote control cock ring,Beginner Guide,Couples accessories,Secondary,/blog/cock-ring-guide/,"Cock Ring Guide: Fit, Materials, and Beginner Safety",Update existing article,Fit/comfort/time-limit beginner guidance.,P2,
vibrator cock ring,How-to,Vibrator selection,Secondary,/blog/how-to-choose-a-vibrator/,How to Choose a Vibrator: A Practical Decision Checklist,Update existing article,General vibrator selection; route subtype terms to subtype articles.,P3,
what are cock rings,Beginner Guide,Couples accessories,Secondary,/blog/cock-ring-guide/,"Cock Ring Guide: Fit, Materials, and Beginner Safety",Update existing article,Fit/comfort/time-limit beginner guidance.,P2,
amazon cock ring,Beginner Guide,Couples accessories,Secondary,/blog/cock-ring-guide/,"Cock Ring Guide: Fit, Materials, and Beginner Safety",Update existing article,Fit/comfort/time-limit beginner guidance.,P2,
bull ring cock ring,Beginner Guide,Couples accessories,Secondary,/blog/cock-ring-guide/,"Cock Ring Guide: Fit, Materials, and Beginner Safety",Update existing article,Fit/comfort/time-limit beginner guidance.,P2,
cock ring placement,Beginner Guide,Couples accessories,Secondary,/blog/cock-ring-guide/,"Cock Ring Guide: Fit, Materials, and Beginner Safety",Update existing article,Fit/comfort/time-limit beginner guidance.,P2,
cock ring that prevents cumming,Beginner Guide,Couples accessories,Secondary,/blog/cock-ring-guide/,"Cock Ring Guide: Fit, Materials, and Beginner Safety",Update existing article,Fit/comfort/time-limit beginner guidance.,P2,
cock rings for men,Beginner Guide,Couples accessories,Secondary,/blog/cock-ring-guide/,"Cock Ring Guide: Fit, Materials, and Beginner Safety",Update existing article,Fit/comfort/time-limit beginner guidance.,P2,
cock rings for sale,Beginner Guide,Couples accessories,Secondary,/blog/cock-ring-guide/,"Cock Ring Guide: Fit, Materials, and Beginner Safety",Update existing article,Fit/comfort/time-limit beginner guidance.,P2,
cvs cock ring,Beginner Guide,Couples accessories,Secondary,/blog/cock-ring-guide/,"Cock Ring Guide: Fit, Materials, and Beginner Safety",Update existing article,Fit/comfort/time-limit beginner guidance.,P2,
danbooru cock ring,Beginner Guide,Couples accessories,Secondary,/blog/cock-ring-guide/,"Cock Ring Guide: Fit, Materials, and Beginner Safety",Update existing article,Fit/comfort/time-limit beginner guidance.,P2,
dp cock ring,Beginner Guide,Couples accessories,Secondary,/blog/cock-ring-guide/,"Cock Ring Guide: Fit, Materials, and Beginner Safety",Update existing article,Fit/comfort/time-limit beginner guidance.,P2,
homer cock ring,Beginner Guide,Couples accessories,Secondary,/blog/cock-ring-guide/,"Cock Ring Guide: Fit, Materials, and Beginner Safety",Update existing article,Fit/comfort/time-limit beginner guidance.,P2,
how to properly use a cock ring,Beginner Guide,Couples accessories,Secondary,/blog/cock-ring-guide/,"Cock Ring Guide: Fit, Materials, and Beginner Safety",Update existing article,Fit/comfort/time-limit beginner guidance.,P2,
how to size a cock ring,Beginner Guide,Couples accessories,Secondary,/blog/cock-ring-guide/,"Cock Ring Guide: Fit, Materials, and Beginner Safety",Update existing article,Fit/comfort/time-limit beginner guidance.,P2,
trojan cock ring,Beginner Guide,Couples accessories,Secondary,/blog/cock-ring-guide/,"Cock Ring Guide: Fit, Materials, and Beginner Safety",Update existing article,Fit/comfort/time-limit beginner guidance.,P2,
adult toys discreet shipping,How-to,Travel privacy,Secondary,/blog/travel-with-adult-toys/,"Traveling With Adult Toys: Packing, Charging, and Privacy",Update existing article,Keep guidance practical and remind readers to check local laws. Commercial value: Medium; difficulty: Medium.,P1,Mapped from existing keyword cluster file.
kegel balls,How-to,Pelvic wellness accessories,Secondary,/blog/how-to-use-kegel-balls-safely/,How to Use Kegel Balls Safely: Beginner Routine and Care,Update existing article,"Avoid medical promises and focus on comfort, hygiene, and professional advice when needed. Commercial value: Medium; difficulty: Medium.",P1,Mapped from existing keyword cluster file.
kegel ball,Informational,Pelvic wellness accessories,Secondary,/blog/kegel-balls-guide/,Kegel Balls Guide: Pelvic Wellness Basics and Safety Notes,Update existing article,Kegel accessory informational intent; safety how-to subintent links to safe-use article.,P1,
kegels where you put the ball up your vag,Informational,Pelvic wellness accessories,Secondary,/blog/kegel-balls-guide/,Kegel Balls Guide: Pelvic Wellness Basics and Safety Notes,Update existing article,Kegel accessory informational intent; safety how-to subintent links to safe-use article.,P1,
kegel balls for women,How-to,Pelvic wellness accessories,Secondary,/blog/how-to-use-kegel-balls-safely/,How to Use Kegel Balls Safely: Beginner Routine and Care,Update existing article,"Avoid medical promises and focus on comfort, hygiene, and professional advice when needed. Commercial value: Medium; difficulty: Medium.",P1,Mapped from existing keyword cluster file.
what are kegel balls,Informational,Pelvic wellness accessories,Secondary,/blog/kegel-balls-guide/,Kegel Balls Guide: Pelvic Wellness Basics and Safety Notes,Update existing article,Keep the guidance educational and avoid medical promises. Commercial value: Medium; difficulty: Medium.,P1,Mapped from existing keyword cluster file.
how to use kegel balls,How-to,Pelvic wellness accessories,Secondary,/blog/how-to-use-kegel-balls-safely/,How to Use Kegel Balls Safely: Beginner Routine and Care,Update existing article,"Avoid medical promises and focus on comfort, hygiene, and professional advice when needed. Commercial value: Medium; difficulty: Medium.",P2,Mapped from existing keyword cluster file.
kegel ball exercises,Informational,Pelvic wellness accessories,Secondary,/blog/kegel-balls-guide/,Kegel Balls Guide: Pelvic Wellness Basics and Safety Notes,Update existing article,Kegel accessory informational intent; safety how-to subintent links to safe-use article.,P2,
kegel ball for women,Informational,Pelvic wellness accessories,Secondary,/blog/kegel-balls-guide/,Kegel Balls Guide: Pelvic Wellness Basics and Safety Notes,Update existing article,Kegel accessory informational intent; safety how-to subintent links to safe-use article.,P2,
kegel balls for men,Informational,Pelvic wellness accessories,Secondary,/blog/kegel-balls-guide/,Kegel Balls Guide: Pelvic Wellness Basics and Safety Notes,Update existing article,Keep the guidance educational and avoid medical promises. Commercial value: Medium; difficulty: Medium.,P2,Mapped from existing keyword cluster file.
kegel balls use,How-to,Pelvic wellness accessories,Secondary,/blog/how-to-use-kegel-balls-safely/,How to Use Kegel Balls Safely: Beginner Routine and Care,Update existing article,"Avoid medical promises and focus on comfort, hygiene, and professional advice when needed. Commercial value: Medium; difficulty: Medium.",P2,Mapped from existing keyword cluster file.
kegel exercise balls how to use,How-to,Pelvic wellness accessories,Secondary,/blog/how-to-use-kegel-balls-safely/,How to Use Kegel Balls Safely: Beginner Routine and Care,Update existing article,"Avoid medical promises and focus on comfort, hygiene, and professional advice when needed. Commercial value: Medium; difficulty: Medium.",P2,Mapped from existing keyword cluster file.
kegel exercises using ball,Informational,Pelvic wellness accessories,Secondary,/blog/kegel-balls-guide/,Kegel Balls Guide: Pelvic Wellness Basics and Safety Notes,Update existing article,Kegel accessory informational intent; safety how-to subintent links to safe-use article.,P2,
silicone kegel ball,Informational,Pelvic wellness accessories,Secondary,/blog/kegel-balls-guide/,Kegel Balls Guide: Pelvic Wellness Basics and Safety Notes,Update existing article,Kegel accessory informational intent; safety how-to subintent links to safe-use article.,P2,
kegel exercise ball,Informational,Pelvic wellness accessories,Secondary,/blog/kegel-balls-guide/,Kegel Balls Guide: Pelvic Wellness Basics and Safety Notes,Update existing article,Kegel accessory informational intent; safety how-to subintent links to safe-use article.,P2,
silicone kegel balls,Informational,Pelvic wellness accessories,Secondary,/blog/kegel-balls-guide/,Kegel Balls Guide: Pelvic Wellness Basics and Safety Notes,Update existing article,Kegel accessory informational intent; safety how-to subintent links to safe-use article.,P2,
weighted kegel balls,Informational,Pelvic wellness accessories,Secondary,/blog/kegel-balls-guide/,Kegel Balls Guide: Pelvic Wellness Basics and Safety Notes,Update existing article,Kegel accessory informational intent; safety how-to subintent links to safe-use article.,P2,
kegel exercise balls for women,Informational,Pelvic wellness accessories,Secondary,/blog/kegel-balls-guide/,Kegel Balls Guide: Pelvic Wellness Basics and Safety Notes,Update existing article,Kegel accessory informational intent; safety how-to subintent links to safe-use article.,P2,
kegel exercises balls for women,Informational,Pelvic wellness accessories,Secondary,/blog/kegel-balls-guide/,Kegel Balls Guide: Pelvic Wellness Basics and Safety Notes,Update existing article,Kegel accessory informational intent; safety how-to subintent links to safe-use article.,P2,
what is a kegel ball,Informational,Pelvic wellness accessories,Secondary,/blog/kegel-balls-guide/,Kegel Balls Guide: Pelvic Wellness Basics and Safety Notes,Update existing article,Kegel accessory informational intent; safety how-to subintent links to safe-use article.,P2,
kegel ball exercise,Informational,Pelvic wellness accessories,Secondary,/blog/kegel-balls-guide/,Kegel Balls Guide: Pelvic Wellness Basics and Safety Notes,Update existing article,Kegel accessory informational intent; safety how-to subintent links to safe-use article.,P2,
kegel balls for beginners,Informational,Pelvic wellness accessories,Secondary,/blog/kegel-balls-guide/,Kegel Balls Guide: Pelvic Wellness Basics and Safety Notes,Update existing article,Kegel accessory informational intent; safety how-to subintent links to safe-use article.,P2,
kegels balls,Informational,Pelvic wellness accessories,Secondary,/blog/kegel-balls-guide/,Kegel Balls Guide: Pelvic Wellness Basics and Safety Notes,Update existing article,Kegel accessory informational intent; safety how-to subintent links to safe-use article.,P2,
what is a kegel exercise ball,Informational,Pelvic wellness accessories,Secondary,/blog/kegel-balls-guide/,Kegel Balls Guide: Pelvic Wellness Basics and Safety Notes,Update existing article,Kegel accessory informational intent; safety how-to subintent links to safe-use article.,P2,
do kegel balls work,Informational,Pelvic wellness accessories,Secondary,/blog/kegel-balls-guide/,Kegel Balls Guide: Pelvic Wellness Basics and Safety Notes,Update existing article,Kegel accessory informational intent; safety how-to subintent links to safe-use article.,P2,
kegel balls for women use,How-to,Pelvic wellness accessories,Secondary,/blog/how-to-use-kegel-balls-safely/,How to Use Kegel Balls Safely: Beginner Routine and Care,Update existing article,"Avoid medical promises and focus on comfort, hygiene, and professional advice when needed. Commercial value: Medium; difficulty: Medium.",P3,Mapped from existing keyword cluster file.
vibrating kegel balls,Informational,Pelvic wellness accessories,Secondary,/blog/kegel-balls-guide/,Kegel Balls Guide: Pelvic Wellness Basics and Safety Notes,Update existing article,Kegel accessory informational intent; safety how-to subintent links to safe-use article.,P2,
male masturbator,Commercial,Male wellness products,Primary,/blog/male-masturbator-guide/,"Male Masturbator Guide: Materials, Cleaning, and Privacy",Update existing article,Make cleaning and drying as important as product style. Commercial value: High; difficulty: Medium.,P1,Mapped from existing keyword cluster file.
male masturbators,Commercial,Male wellness products,Secondary,/blog/male-masturbator-guide/,"Male Masturbator Guide: Materials, Cleaning, and Privacy",Update existing article,Male wellness product buying and care intent.,P1,
male masturbation,Informational,Unclustered adult wellness/general,Secondary,/blog/adult-toy-buying-guide/,"Adult Toy Buying Guide: Safety, Privacy, and Value Checks",Review manually,No precise cluster match; assign to broad buying guide until a distinct compliant intent is proven.,P4,Manual review recommended before content changes.
best male masturbator,Comparison,Beginner product types,Secondary,/blog/best-adult-toys-for-beginners/,Best Adult Toys for Beginners: Types to Consider First,Update existing article,Compare product categories without claiming one universal best choice. Commercial value: High; difficulty: Easy.,P1,Mapped from existing keyword cluster file.
best male masturbators,Commercial,Male wellness products,Secondary,/blog/male-masturbator-guide/,"Male Masturbator Guide: Materials, Cleaning, and Privacy",Update existing article,Male wellness product buying and care intent.,P1,
male masturbating,Commercial,Unclustered adult wellness/general,Secondary,/blog/adult-toy-buying-guide/,"Adult Toy Buying Guide: Safety, Privacy, and Value Checks",Review manually,No precise cluster match; assign to broad buying guide until a distinct compliant intent is proven.,P4,Manual review recommended before content changes.
male masturbation toys,Commercial,Unclustered adult wellness/general,Secondary,/blog/adult-toy-buying-guide/,"Adult Toy Buying Guide: Safety, Privacy, and Value Checks",Review manually,No precise cluster match; assign to broad buying guide until a distinct compliant intent is proven.,P4,Manual review recommended before content changes.
automatic male masturbator,Commercial,Male wellness products,Secondary,/blog/male-masturbator-guide/,"Male Masturbator Guide: Materials, Cleaning, and Privacy",Update existing article,Make cleaning and drying as important as product style. Commercial value: High; difficulty: Medium.,P1,Mapped from existing keyword cluster file.
masturbating video male,Informational,Unclustered adult wellness/general,Secondary,/blog/adult-toy-buying-guide/,"Adult Toy Buying Guide: Safety, Privacy, and Value Checks",Review manually,No precise cluster match; assign to broad buying guide until a distinct compliant intent is proven.,P4,Manual review recommended before content changes.
male masturbation techniques,Informational,Unclustered adult wellness/general,Secondary,/blog/adult-toy-buying-guide/,"Adult Toy Buying Guide: Safety, Privacy, and Value Checks",Review manually,No precise cluster match; assign to broad buying guide until a distinct compliant intent is proven.,P4,Manual review recommended before content changes.
male masturbator toy,Commercial,Male wellness products,Secondary,/blog/male-masturbator-guide/,"Male Masturbator Guide: Materials, Cleaning, and Privacy",Update existing article,Make cleaning and drying as important as product style. Commercial value: High; difficulty: Medium.,P1,Mapped from existing keyword cluster file.
auto male masturbator,Commercial,Male wellness products,Secondary,/blog/male-masturbator-guide/,"Male Masturbator Guide: Materials, Cleaning, and Privacy",Update existing article,Make cleaning and drying as important as product style. Commercial value: High; difficulty: Medium.,P1,Mapped from existing keyword cluster file.
black male masturbator,Commercial,Male wellness products,Secondary,/blog/male-masturbator-guide/,"Male Masturbator Guide: Materials, Cleaning, and Privacy",Update existing article,Make cleaning and drying as important as product style. Commercial value: High; difficulty: Medium.,P1,Mapped from existing keyword cluster file.
hands-free wearable male masturbator,Commercial,Male wellness products,Secondary,/blog/male-masturbator-guide/,"Male Masturbator Guide: Materials, Cleaning, and Privacy",Update existing article,Make cleaning and drying as important as product style. Commercial value: High; difficulty: Medium.,P1,Mapped from existing keyword cluster file.
male masturbation gif,Informational,Unclustered adult wellness/general,Secondary,/blog/adult-toy-buying-guide/,"Adult Toy Buying Guide: Safety, Privacy, and Value Checks",Review manually,No precise cluster match; assign to broad buying guide until a distinct compliant intent is proven.,P4,Manual review recommended before content changes.
male masturbation methods,Informational,Unclustered adult wellness/general,Secondary,/blog/adult-toy-buying-guide/,"Adult Toy Buying Guide: Safety, Privacy, and Value Checks",Review manually,No precise cluster match; assign to broad buying guide until a distinct compliant intent is proven.,P4,Manual review recommended before content changes.
male masturbation porn,Informational,Unclustered adult wellness/general,Secondary,/blog/adult-toy-buying-guide/,"Adult Toy Buying Guide: Safety, Privacy, and Value Checks",Review manually,No precise cluster match; assign to broad buying guide until a distinct compliant intent is proven.,P4,Manual review recommended before content changes.
male masturbation toy,Commercial,Unclustered adult wellness/general,Secondary,/blog/adult-toy-buying-guide/,"Adult Toy Buying Guide: Safety, Privacy, and Value Checks",Review manually,No precise cluster match; assign to broad buying guide until a distinct compliant intent is proven.,P4,Manual review recommended before content changes.
solo male masturb,Informational,Unclustered adult wellness/general,Secondary,/blog/adult-toy-buying-guide/,"Adult Toy Buying Guide: Safety, Privacy, and Value Checks",Review manually,No precise cluster match; assign to broad buying guide until a distinct compliant intent is proven.,P4,Manual review recommended before content changes.
top rated male masturbators,Commercial,Male wellness products,Secondary,/blog/male-masturbator-guide/,"Male Masturbator Guide: Materials, Cleaning, and Privacy",Update existing article,Male wellness product buying and care intent.,P1,
hands free male masturbator,Commercial,Male wellness products,Secondary,/blog/male-masturbator-guide/,"Male Masturbator Guide: Materials, Cleaning, and Privacy",Update existing article,Male wellness product buying and care intent.,P2,
how to masturbate male,Informational,Unclustered adult wellness/general,Secondary,/blog/adult-toy-buying-guide/,"Adult Toy Buying Guide: Safety, Privacy, and Value Checks",Review manually,No precise cluster match; assign to broad buying guide until a distinct compliant intent is proven.,P4,Manual review recommended before content changes.
male masturb video,Informational,Unclustered adult wellness/general,Secondary,/blog/adult-toy-buying-guide/,"Adult Toy Buying Guide: Safety, Privacy, and Value Checks",Review manually,No precise cluster match; assign to broad buying guide until a distinct compliant intent is proven.,P4,Manual review recommended before content changes.
male masturbate,Informational,Unclustered adult wellness/general,Secondary,/blog/adult-toy-buying-guide/,"Adult Toy Buying Guide: Safety, Privacy, and Value Checks",Review manually,No precise cluster match; assign to broad buying guide until a distinct compliant intent is proven.,P4,Manual review recommended before content changes.
male masturbator toys,Beginner Guide,Beginner anal wellness,Secondary,/blog/anal-toys-for-beginners/,"Anal Toys for Beginners: Safety, Size, and Comfort Basics",Update existing article,"Prioritize anatomy-safe design, patience, and non-medical caution. Commercial value: Medium; difficulty: Medium.",P2,Mapped from existing keyword cluster file.
masturbate solo male,"Informational, Transactional",Unclustered adult wellness/general,Secondary,/blog/adult-toy-buying-guide/,"Adult Toy Buying Guide: Safety, Privacy, and Value Checks",Review manually,No precise cluster match; assign to broad buying guide until a distinct compliant intent is proven.,P4,Manual review recommended before content changes.
a study on male masturbation duration assisted by masturbators,Commercial,Male wellness products,Secondary,/blog/male-masturbator-guide/,"Male Masturbator Guide: Materials, Cleaning, and Privacy",Update existing article,Male wellness product buying and care intent.,P2,
automatic male masturbators,Commercial,Male wellness products,Secondary,/blog/male-masturbator-guide/,"Male Masturbator Guide: Materials, Cleaning, and Privacy",Update existing article,Male wellness product buying and care intent.,P2,
es malo masturbarse,Informational,Unclustered adult wellness/general,Secondary,/blog/adult-toy-buying-guide/,"Adult Toy Buying Guide: Safety, Privacy, and Value Checks",Review manually,No precise cluster match; assign to broad buying guide until a distinct compliant intent is proven.,P4,Manual review recommended before content changes.
how often do males masturbate,Informational,Unclustered adult wellness/general,Secondary,/blog/adult-toy-buying-guide/,"Adult Toy Buying Guide: Safety, Privacy, and Value Checks",Review manually,No precise cluster match; assign to broad buying guide until a distinct compliant intent is proven.,P4,Manual review recommended before content changes.
male masturbation videos,Informational,Unclustered adult wellness/general,Secondary,/blog/adult-toy-buying-guide/,"Adult Toy Buying Guide: Safety, Privacy, and Value Checks",Review manually,No precise cluster match; assign to broad buying guide until a distinct compliant intent is proven.,P4,Manual review recommended before content changes.
masturbate male porn,Informational,Unclustered adult wellness/general,Secondary,/blog/adult-toy-buying-guide/,"Adult Toy Buying Guide: Safety, Privacy, and Value Checks",Review manually,No precise cluster match; assign to broad buying guide until a distinct compliant intent is proven.,P4,Manual review recommended before content changes.
masturbate techniques male,Informational,Unclustered adult wellness/general,Secondary,/blog/adult-toy-buying-guide/,"Adult Toy Buying Guide: Safety, Privacy, and Value Checks",Review manually,No precise cluster match; assign to broad buying guide until a distinct compliant intent is proven.,P4,Manual review recommended before content changes.
realistic male masturbator,Commercial,Male wellness products,Secondary,/blog/male-masturbator-guide/,"Male Masturbator Guide: Materials, Cleaning, and Privacy",Update existing article,Male wellness product buying and care intent.,P2,
amazon male masturbator,Commercial,Male wellness products,Secondary,/blog/male-masturbator-guide/,"Male Masturbator Guide: Materials, Cleaning, and Privacy",Update existing article,Male wellness product buying and care intent.,P2,
best male masturbation toys,Commercial,Unclustered adult wellness/general,Secondary,/blog/adult-toy-buying-guide/,"Adult Toy Buying Guide: Safety, Privacy, and Value Checks",Review manually,No precise cluster match; assign to broad buying guide until a distinct compliant intent is proven.,P4,Manual review recommended before content changes.
einseo ai sync male masturbator sex toys for men,How-to,Cleaning and storage,Secondary,/blog/how-to-clean-silicone-sex-toys/,How to Clean Silicone Sex Toys Without Damaging Them,Update existing article,Separate silicone material care from electronics care. Commercial value: Medium; difficulty: Easy.,P2,Mapped from existing keyword cluster file.
how often should a male masturbate,Informational,Unclustered adult wellness/general,Secondary,/blog/adult-toy-buying-guide/,"Adult Toy Buying Guide: Safety, Privacy, and Value Checks",Review manually,No precise cluster match; assign to broad buying guide until a distinct compliant intent is proven.,P4,Manual review recommended before content changes.
male masturbating to porn,Informational,Unclustered adult wellness/general,Secondary,/blog/adult-toy-buying-guide/,"Adult Toy Buying Guide: Safety, Privacy, and Value Checks",Review manually,No precise cluster match; assign to broad buying guide until a distinct compliant intent is proven.,P4,Manual review recommended before content changes.
male masturbating with face,"Informational, Navigational",Unclustered adult wellness/general,Secondary,/blog/adult-toy-buying-guide/,"Adult Toy Buying Guide: Safety, Privacy, and Value Checks",Review manually,No precise cluster match; assign to broad buying guide until a distinct compliant intent is proven.,P4,Manual review recommended before content changes.
male masturbating with face download,Informational,Unclustered adult wellness/general,Secondary,/blog/adult-toy-buying-guide/,"Adult Toy Buying Guide: Safety, Privacy, and Value Checks",Review manually,No precise cluster match; assign to broad buying guide until a distinct compliant intent is proven.,P4,Manual review recommended before content changes.
male masturbating with face download video,Informational,Unclustered adult wellness/general,Secondary,/blog/adult-toy-buying-guide/,"Adult Toy Buying Guide: Safety, Privacy, and Value Checks",Review manually,No precise cluster match; assign to broad buying guide until a distinct compliant intent is proven.,P4,Manual review recommended before content changes.
male masturbator pink sleeve,Commercial,Male wellness products,Secondary,/blog/male-masturbator-guide/,"Male Masturbator Guide: Materials, Cleaning, and Privacy",Update existing article,Male wellness product buying and care intent.,P2,
male masturbator porn,Commercial,Male wellness products,Secondary,/blog/male-masturbator-guide/,"Male Masturbator Guide: Materials, Cleaning, and Privacy",Update existing article,Male wellness product buying and care intent.,P2,
male masturbators toys,Commercial,Male wellness products,Secondary,/blog/male-masturbator-guide/,"Male Masturbator Guide: Materials, Cleaning, and Privacy",Update existing article,Male wellness product buying and care intent.,P2,
male pov masturbating,"Informational, Navigational",Unclustered adult wellness/general,Secondary,/blog/adult-toy-buying-guide/,"Adult Toy Buying Guide: Safety, Privacy, and Value Checks",Review manually,No precise cluster match; assign to broad buying guide until a distinct compliant intent is proven.,P4,Manual review recommended before content changes.
masturbating male porn,Informational,Unclustered adult wellness/general,Secondary,/blog/adult-toy-buying-guide/,"Adult Toy Buying Guide: Safety, Privacy, and Value Checks",Review manually,No precise cluster match; assign to broad buying guide until a distinct compliant intent is proven.,P4,Manual review recommended before content changes.
masturbating male videos,Informational,Unclustered adult wellness/general,Secondary,/blog/adult-toy-buying-guide/,"Adult Toy Buying Guide: Safety, Privacy, and Value Checks",Review manually,No precise cluster match; assign to broad buying guide until a distinct compliant intent is proven.,P4,Manual review recommended before content changes.
masturbating solo male,Informational,Unclustered adult wellness/general,Secondary,/blog/adult-toy-buying-guide/,"Adult Toy Buying Guide: Safety, Privacy, and Value Checks",Review manually,No precise cluster match; assign to broad buying guide until a distinct compliant intent is proven.,P4,Manual review recommended before content changes.
porn male masturbate,Informational,Unclustered adult wellness/general,Secondary,/blog/adult-toy-buying-guide/,"Adult Toy Buying Guide: Safety, Privacy, and Value Checks",Review manually,No precise cluster match; assign to broad buying guide until a distinct compliant intent is proven.,P4,Manual review recommended before content changes.
solo male masturbation with face,Navigational,Unclustered adult wellness/general,Secondary,/blog/adult-toy-buying-guide/,"Adult Toy Buying Guide: Safety, Privacy, and Value Checks",Review manually,No precise cluster match; assign to broad buying guide until a distinct compliant intent is proven.,P4,Manual review recommended before content changes.
best male masturbation toy,Commercial,Unclustered adult wellness/general,Secondary,/blog/adult-toy-buying-guide/,"Adult Toy Buying Guide: Safety, Privacy, and Value Checks",Review manually,No precise cluster match; assign to broad buying guide until a distinct compliant intent is proven.,P4,Manual review recommended before content changes.
es malo masturbarme,Informational,Unclustered adult wellness/general,Secondary,/blog/adult-toy-buying-guide/,"Adult Toy Buying Guide: Safety, Privacy, and Value Checks",Review manually,No precise cluster match; assign to broad buying guide until a distinct compliant intent is proven.,P4,Manual review recommended before content changes.
hot male masturbating,"Informational, Transactional",Unclustered adult wellness/general,Secondary,/blog/adult-toy-buying-guide/,"Adult Toy Buying Guide: Safety, Privacy, and Value Checks",Review manually,No precise cluster match; assign to broad buying guide until a distinct compliant intent is proven.,P4,Manual review recommended before content changes.
male masturbation device,Commercial,Unclustered adult wellness/general,Secondary,/blog/adult-toy-buying-guide/,"Adult Toy Buying Guide: Safety, Privacy, and Value Checks",Review manually,No precise cluster match; assign to broad buying guide until a distinct compliant intent is proven.,P4,Manual review recommended before content changes.
male masturbation positions,Informational,Unclustered adult wellness/general,Secondary,/blog/adult-toy-buying-guide/,"Adult Toy Buying Guide: Safety, Privacy, and Value Checks",Review manually,No precise cluster match; assign to broad buying guide until a distinct compliant intent is proven.,P4,Manual review recommended before content changes.
male masturbation reddit,Navigational,Unclustered adult wellness/general,Secondary,/blog/adult-toy-buying-guide/,"Adult Toy Buying Guide: Safety, Privacy, and Value Checks",Review manually,No precise cluster match; assign to broad buying guide until a distinct compliant intent is proven.,P4,Manual review recommended before content changes.
male masturbation stories,Informational,Unclustered adult wellness/general,Secondary,/blog/adult-toy-buying-guide/,"Adult Toy Buying Guide: Safety, Privacy, and Value Checks",Review manually,No precise cluster match; assign to broad buying guide until a distinct compliant intent is proven.,P4,Manual review recommended before content changes.
male masturbator video,Commercial,Male wellness products,Secondary,/blog/male-masturbator-guide/,"Male Masturbator Guide: Materials, Cleaning, and Privacy",Update existing article,Male wellness product buying and care intent.,P2,
masturbating porn male,Informational,Unclustered adult wellness/general,Secondary,/blog/adult-toy-buying-guide/,"Adult Toy Buying Guide: Safety, Privacy, and Value Checks",Review manually,No precise cluster match; assign to broad buying guide until a distinct compliant intent is proven.,P4,Manual review recommended before content changes.
videos of males masturbating,Informational,Unclustered adult wellness/general,Secondary,/blog/adult-toy-buying-guide/,"Adult Toy Buying Guide: Safety, Privacy, and Value Checks",Review manually,No precise cluster match; assign to broad buying guide until a distinct compliant intent is proven.,P4,Manual review recommended before content changes.
amazon male masturbators,Commercial,Male wellness products,Secondary,/blog/male-masturbator-guide/,"Male Masturbator Guide: Materials, Cleaning, and Privacy",Update existing article,Male wellness product buying and care intent.,P2,
best automatic male masturbator,Commercial,Male wellness products,Secondary,/blog/male-masturbator-guide/,"Male Masturbator Guide: Materials, Cleaning, and Privacy",Update existing article,Male wellness product buying and care intent.,P2,
es malo masturbar se,Informational,Unclustered adult wellness/general,Secondary,/blog/adult-toy-buying-guide/,"Adult Toy Buying Guide: Safety, Privacy, and Value Checks",Review manually,No precise cluster match; assign to broad buying guide until a distinct compliant intent is proven.,P4,Manual review recommended before content changes.
how to masturbate for males,Informational,Unclustered adult wellness/general,Secondary,/blog/adult-toy-buying-guide/,"Adult Toy Buying Guide: Safety, Privacy, and Value Checks",Review manually,No precise cluster match; assign to broad buying guide until a distinct compliant intent is proven.,P4,Manual review recommended before content changes.
male masturbating videos,Informational,Unclustered adult wellness/general,Secondary,/blog/adult-toy-buying-guide/,"Adult Toy Buying Guide: Safety, Privacy, and Value Checks",Review manually,No precise cluster match; assign to broad buying guide until a distinct compliant intent is proven.,P4,Manual review recommended before content changes.
male masturbation tips,Informational,Unclustered adult wellness/general,Secondary,/blog/adult-toy-buying-guide/,"Adult Toy Buying Guide: Safety, Privacy, and Value Checks",Review manually,No precise cluster match; assign to broad buying guide until a distinct compliant intent is proven.,P4,Manual review recommended before content changes.
male masturbator amazon,Commercial,Male wellness products,Secondary,/blog/male-masturbator-guide/,"Male Masturbator Guide: Materials, Cleaning, and Privacy",Update existing article,Male wellness product buying and care intent.,P2,
male masturbator machine,Commercial,Male wellness products,Secondary,/blog/male-masturbator-guide/,"Male Masturbator Guide: Materials, Cleaning, and Privacy",Update existing article,Male wellness product buying and care intent.,P2,
male masturbator videos,Commercial,Male wellness products,Secondary,/blog/male-masturbator-guide/,"Male Masturbator Guide: Materials, Cleaning, and Privacy",Update existing article,Male wellness product buying and care intent.,P2,
male mutual masturbating,Informational,Unclustered adult wellness/general,Secondary,/blog/adult-toy-buying-guide/,"Adult Toy Buying Guide: Safety, Privacy, and Value Checks",Review manually,No precise cluster match; assign to broad buying guide until a distinct compliant intent is proven.,P4,Manual review recommended before content changes.
solo male masturbators,Commercial,Male wellness products,Secondary,/blog/male-masturbator-guide/,"Male Masturbator Guide: Materials, Cleaning, and Privacy",Update existing article,Male wellness product buying and care intent.,P2,
best hands free male masturbator,Commercial,Male wellness products,Secondary,/blog/male-masturbator-guide/,"Male Masturbator Guide: Materials, Cleaning, and Privacy",Update existing article,Male wellness product buying and care intent.,P2,
best male masturbator toy,Commercial,Male wellness products,Secondary,/blog/male-masturbator-guide/,"Male Masturbator Guide: Materials, Cleaning, and Privacy",Update existing article,Male wellness product buying and care intent.,P2,
best male masturbators 2026,Commercial,Male wellness products,Secondary,/blog/male-masturbator-guide/,"Male Masturbator Guide: Materials, Cleaning, and Privacy",Update existing article,Male wellness product buying and care intent.,P2,
goyha male masturbators,Commercial,Male wellness products,Secondary,/blog/male-masturbator-guide/,"Male Masturbator Guide: Materials, Cleaning, and Privacy",Update existing article,Male wellness product buying and care intent.,P2,
hands free male masturbators,Commercial,Male wellness products,Secondary,/blog/male-masturbator-guide/,"Male Masturbator Guide: Materials, Cleaning, and Privacy",Update existing article,Male wellness product buying and care intent.,P2,
how to masturbate as a male,Informational,Unclustered adult wellness/general,Secondary,/blog/adult-toy-buying-guide/,"Adult Toy Buying Guide: Safety, Privacy, and Value Checks",Review manually,No precise cluster match; assign to broad buying guide until a distinct compliant intent is proven.,P4,Manual review recommended before content changes.
male masturbating in car,"Informational, Transactional",Unclustered adult wellness/general,Secondary,/blog/adult-toy-buying-guide/,"Adult Toy Buying Guide: Safety, Privacy, and Value Checks",Review manually,No precise cluster match; assign to broad buying guide until a distinct compliant intent is proven.,P4,Manual review recommended before content changes.
male masturbating video,Informational,Unclustered adult wellness/general,Secondary,/blog/adult-toy-buying-guide/,"Adult Toy Buying Guide: Safety, Privacy, and Value Checks",Review manually,No precise cluster match; assign to broad buying guide until a distinct compliant intent is proven.,P4,Manual review recommended before content changes.
male masturbation devices,Commercial,Unclustered adult wellness/general,Secondary,/blog/adult-toy-buying-guide/,"Adult Toy Buying Guide: Safety, Privacy, and Value Checks",Review manually,No precise cluster match; assign to broad buying guide until a distinct compliant intent is proven.,P4,Manual review recommended before content changes.
male masturbation tricks tips,Informational,Unclustered adult wellness/general,Secondary,/blog/adult-toy-buying-guide/,"Adult Toy Buying Guide: Safety, Privacy, and Value Checks",Review manually,No precise cluster match; assign to broad buying guide until a distinct compliant intent is proven.,P4,Manual review recommended before content changes.
male masturbator gif,Commercial,Male wellness products,Secondary,/blog/male-masturbator-guide/,"Male Masturbator Guide: Materials, Cleaning, and Privacy",Update existing article,Male wellness product buying and care intent.,P2,
male solo masturbating,"Informational, Navigational",Unclustered adult wellness/general,Secondary,/blog/adult-toy-buying-guide/,"Adult Toy Buying Guide: Safety, Privacy, and Value Checks",Review manually,No precise cluster match; assign to broad buying guide until a distinct compliant intent is proven.,P4,Manual review recommended before content changes.
masturbarse es malo,Informational,Unclustered adult wellness/general,Secondary,/blog/adult-toy-buying-guide/,"Adult Toy Buying Guide: Safety, Privacy, and Value Checks",Review manually,No precise cluster match; assign to broad buying guide until a distinct compliant intent is proven.,P4,Manual review recommended before content changes.
automated male masturbator,Commercial,Male wellness products,Secondary,/blog/male-masturbator-guide/,"Male Masturbator Guide: Materials, Cleaning, and Privacy",Update existing article,Male wellness product buying and care intent.,P2,
best lube for male masturbation,Informational,Lubricant basics,Secondary,/blog/beginner-lubricant-guide/,"Beginner Lubricant Guide: Ingredients, Feel, and Compatibility",Update existing article,General beginner lubricant education.,P1,
best male masturbator reddit,Commercial,Male wellness products,Secondary,/blog/male-masturbator-guide/,"Male Masturbator Guide: Materials, Cleaning, and Privacy",Update existing article,Male wellness product buying and care intent.,P2,
best male.masturbators,Commercial,Male wellness products,Secondary,/blog/male-masturbator-guide/,"Male Masturbator Guide: Materials, Cleaning, and Privacy",Update existing article,Male wellness product buying and care intent.,P2,
best way to masturbate male,Commercial,Unclustered adult wellness/general,Secondary,/blog/adult-toy-buying-guide/,"Adult Toy Buying Guide: Safety, Privacy, and Value Checks",Review manually,No precise cluster match; assign to broad buying guide until a distinct compliant intent is proven.,P4,Manual review recommended before content changes.
black male masturbating,Informational,Unclustered adult wellness/general,Secondary,/blog/adult-toy-buying-guide/,"Adult Toy Buying Guide: Safety, Privacy, and Value Checks",Review manually,No precise cluster match; assign to broad buying guide until a distinct compliant intent is proven.,P4,Manual review recommended before content changes.
danbooru male masturbation,Navigational,Unclustered adult wellness/general,Secondary,/blog/adult-toy-buying-guide/,"Adult Toy Buying Guide: Safety, Privacy, and Value Checks",Review manually,No precise cluster match; assign to broad buying guide until a distinct compliant intent is proven.,P4,Manual review recommended before content changes.
diy male masturbator,Commercial,Male wellness products,Secondary,/blog/male-masturbator-guide/,"Male Masturbator Guide: Materials, Cleaning, and Privacy",Update existing article,Male wellness product buying and care intent.,P2,
electric male masturbator,Commercial,Male wellness products,Secondary,/blog/male-masturbator-guide/,"Male Masturbator Guide: Materials, Cleaning, and Privacy",Update existing article,Male wellness product buying and care intent.,P2,
homemade male masturbator,Commercial,Male wellness products,Secondary,/blog/male-masturbator-guide/,"Male Masturbator Guide: Materials, Cleaning, and Privacy",Update existing article,Male wellness product buying and care intent.,P2,
how do males masturbate,Informational,Unclustered adult wellness/general,Secondary,/blog/adult-toy-buying-guide/,"Adult Toy Buying Guide: Safety, Privacy, and Value Checks",Review manually,No precise cluster match; assign to broad buying guide until a distinct compliant intent is proven.,P4,Manual review recommended before content changes.
how to masturbate for a male,Informational,Unclustered adult wellness/general,Secondary,/blog/adult-toy-buying-guide/,"Adult Toy Buying Guide: Safety, Privacy, and Value Checks",Review manually,No precise cluster match; assign to broad buying guide until a distinct compliant intent is proven.,P4,Manual review recommended before content changes.
how to masturbate in males,Informational,Unclustered adult wellness/general,Secondary,/blog/adult-toy-buying-guide/,"Adult Toy Buying Guide: Safety, Privacy, and Value Checks",Review manually,No precise cluster match; assign to broad buying guide until a distinct compliant intent is proven.,P4,Manual review recommended before content changes.
male anal masturbation,Beginner Guide,Beginner anal wellness,Secondary,/blog/anal-toys-for-beginners/,"Anal Toys for Beginners: Safety, Size, and Comfort Basics",Update existing article,"Beginner, safety-first anal wellness intent.",P2,
male masturbate stories,Informational,Unclustered adult wellness/general,Secondary,/blog/adult-toy-buying-guide/,"Adult Toy Buying Guide: Safety, Privacy, and Value Checks",Review manually,No precise cluster match; assign to broad buying guide until a distinct compliant intent is proven.,P4,Manual review recommended before content changes.
quiet vibrator,How-to,Vibrator selection,Secondary,/blog/how-to-choose-a-vibrator/,How to Choose a Vibrator: A Practical Decision Checklist,Update existing article,Turn a crowded category into a short decision tree. Commercial value: High; difficulty: Easy.,P1,Mapped from existing keyword cluster file.
quiet vibrators,Beginner Guide,Beginner vibrator selection,Secondary,/blog/vibrators-for-beginners/,Vibrators for Beginners: How to Choose Without Guesswork,Update existing article,Explain what features matter first and which advanced features can wait. Commercial value: High; difficulty: Easy.,P1,Mapped from existing keyword cluster file.
quiet vibrating toothbrush,Commercial,Quiet personal massagers,Secondary,/blog/quiet-vibrator-guide/,Quiet Vibrator Guide: How to Compare Noise Before Buying,Update existing article,Privacy/noise commercial intent.,P1,
best quiet vibrator,Commercial,Quiet personal massagers,Secondary,/blog/quiet-vibrator-guide/,Quiet Vibrator Guide: How to Compare Noise Before Buying,Update existing article,Explain realistic noise expectations and what product claims can and cannot prove. Commercial value: High; difficulty: Easy.,P1,Mapped from existing keyword cluster file.
best quiet vibrators,Commercial,Quiet personal massagers,Secondary,/blog/quiet-vibrator-guide/,Quiet Vibrator Guide: How to Compare Noise Before Buying,Update existing article,Privacy/noise commercial intent.,P1,
quiet vibrater,Commercial,Quiet personal massagers,Secondary,/blog/quiet-vibrator-guide/,Quiet Vibrator Guide: How to Compare Noise Before Buying,Update existing article,Privacy/noise commercial intent.,P1,
best rabbit vibrator,Commercial,Rabbit vibrators,Secondary,/blog/rabbit-vibrator-guide/,Rabbit Vibrator Guide: Who It Suits and What to Check,Update existing article,Explain fit and control complexity without explicit or exaggerated claims. Commercial value: High; difficulty: Medium.,P1,Mapped from existing keyword cluster file.
the rabbit vibrator,How-to,Vibrator selection,Secondary,/blog/how-to-choose-a-vibrator/,How to Choose a Vibrator: A Practical Decision Checklist,Update existing article,Turn a crowded category into a short decision tree. Commercial value: High; difficulty: Easy.,P1,Mapped from existing keyword cluster file.
best rabbit vibrators,Beginner Guide,Beginner vibrator selection,Secondary,/blog/vibrators-for-beginners/,Vibrators for Beginners: How to Choose Without Guesswork,Update existing article,Explain what features matter first and which advanced features can wait. Commercial value: High; difficulty: Easy.,P1,Mapped from existing keyword cluster file.
how to use a rabbit vibrator,Commercial,Rabbit vibrators,Secondary,/blog/rabbit-vibrator-guide/,Rabbit Vibrator Guide: Who It Suits and What to Check,Update existing article,Explain fit and control complexity without explicit or exaggerated claims. Commercial value: High; difficulty: Medium.,P2,Mapped from existing keyword cluster file.
best rabbit vibrater,Commercial,Rabbit vibrators,Secondary,/blog/rabbit-vibrator-guide/,Rabbit Vibrator Guide: Who It Suits and What to Check,Update existing article,Rabbit-style massager product selection intent.,P2,
how to use rabbit vibrator,Commercial,Rabbit vibrators,Secondary,/blog/rabbit-vibrator-guide/,Rabbit Vibrator Guide: Who It Suits and What to Check,Update existing article,Explain fit and control complexity without explicit or exaggerated claims. Commercial value: High; difficulty: Medium.,P2,Mapped from existing keyword cluster file.
jack rabbit vibrator,Commercial,Rabbit vibrators,Secondary,/blog/rabbit-vibrator-guide/,Rabbit Vibrator Guide: Who It Suits and What to Check,Update existing article,Explain fit and control complexity without explicit or exaggerated claims. Commercial value: High; difficulty: Medium.,P2,Mapped from existing keyword cluster file.
the rabbit vibrater,Commercial,Rabbit vibrators,Secondary,/blog/rabbit-vibrator-guide/,Rabbit Vibrator Guide: Who It Suits and What to Check,Update existing article,Rabbit-style massager product selection intent.,P2,
rabbit vibrater porn,Commercial,Rabbit vibrators,Secondary,/blog/rabbit-vibrator-guide/,Rabbit Vibrator Guide: Who It Suits and What to Check,Update existing article,Rabbit-style massager product selection intent.,P2,
pink rabbit vibrator,Commercial,Rabbit vibrators,Secondary,/blog/rabbit-vibrator-guide/,Rabbit Vibrator Guide: Who It Suits and What to Check,Update existing article,Rabbit-style massager product selection intent.,P2,
thrusting rabbit vibrator,Commercial,Rabbit vibrators,Secondary,/blog/rabbit-vibrator-guide/,Rabbit Vibrator Guide: Who It Suits and What to Check,Update existing article,Rabbit-style massager product selection intent.,P2,
vibrator rabbit,Commercial,Rabbit vibrators,Secondary,/blog/rabbit-vibrator-guide/,Rabbit Vibrator Guide: Who It Suits and What to Check,Update existing article,Explain fit and control complexity without explicit or exaggerated claims. Commercial value: High; difficulty: Medium.,P2,Mapped from existing keyword cluster file.
dual rabbit vibrator,Commercial,Rabbit vibrators,Secondary,/blog/rabbit-vibrator-guide/,Rabbit Vibrator Guide: Who It Suits and What to Check,Update existing article,Rabbit-style massager product selection intent.,P2,
small rabbit vibrator,Commercial,Rabbit vibrators,Secondary,/blog/rabbit-vibrator-guide/,Rabbit Vibrator Guide: Who It Suits and What to Check,Update existing article,Rabbit-style massager product selection intent.,P2,
what is a rabbit vibrator,Commercial,Rabbit vibrators,Secondary,/blog/rabbit-vibrator-guide/,Rabbit Vibrator Guide: Who It Suits and What to Check,Update existing article,Rabbit-style massager product selection intent.,P2,
rabbit vibrating ears,Commercial,Rabbit vibrators,Secondary,/blog/rabbit-vibrator-guide/,Rabbit Vibrator Guide: Who It Suits and What to Check,Update existing article,Rabbit-style massager product selection intent.,P2,
rabbit vibrator eastern district,Commercial,Rabbit vibrators,Secondary,/blog/rabbit-vibrator-guide/,Rabbit Vibrator Guide: Who It Suits and What to Check,Update existing article,Rabbit-style massager product selection intent.,P2,
crystal rabbit vibrator,Commercial,Rabbit vibrators,Secondary,/blog/rabbit-vibrator-guide/,Rabbit Vibrator Guide: Who It Suits and What to Check,Update existing article,Rabbit-style massager product selection intent.,P2,
rechargeable vibraters,Commercial,Rechargeable massagers,Secondary,/blog/rechargeable-vibrator-guide/,"Rechargeable Vibrator Guide: Battery, Charging, and Care",Update existing article,Charging/battery buyer intent.,P1,
rechargeable vibrator,Commercial,Rechargeable massagers,Primary,/blog/rechargeable-vibrator-guide/,"Rechargeable Vibrator Guide: Battery, Charging, and Care",Update existing article,Focus on daily convenience and care instead of feature overload. Commercial value: High; difficulty: Easy.,P1,Mapped from existing keyword cluster file.
rechargeable bullet vibrator,Commercial,Rechargeable massagers,Secondary,/blog/rechargeable-vibrator-guide/,"Rechargeable Vibrator Guide: Battery, Charging, and Care",Update existing article,Focus on daily convenience and care instead of feature overload. Commercial value: High; difficulty: Easy.,P1,Mapped from existing keyword cluster file.
sex toys for beginners,Beginner Guide,Beginner adult wellness basics,Primary,/blog/sex-toys-for-beginners/,"Sex Toys for Beginners: A Calm, Practical First Guide",Update existing article,"Start with comfort, safety, privacy, and simple controls instead of chasing advanced features. Commercial value: High; difficulty: Easy.",P1,Mapped from existing keyword cluster file.
best sex toys for beginners,Beginner Guide,Beginner adult wellness basics,Secondary,/blog/sex-toys-for-beginners/,"Sex Toys for Beginners: A Calm, Practical First Guide",Update existing article,Broad beginner education hub.,P1,
beginner sex toys for couples,Commercial,Couples buying guide,Secondary,/blog/adult-toys-for-couples/,Adult Toys for Couples: How to Choose Together Respectfully,Update existing article,Shared shopping/communication intent.,P2,
anal sex toys for beginners,Beginner Guide,Beginner anal wellness,Secondary,/blog/anal-toys-for-beginners/,"Anal Toys for Beginners: Safety, Size, and Comfort Basics",Update existing article,"Beginner, safety-first anal wellness intent.",P2,
best sex toy for beginners,Comparison,Beginner product types,Secondary,/blog/best-adult-toys-for-beginners/,Best Adult Toys for Beginners: Types to Consider First,Update existing article,Compare product categories without claiming one universal best choice. Commercial value: High; difficulty: Easy.,P2,Mapped from existing keyword cluster file.
best beginner sex toys for couples,Commercial,Couples buying guide,Secondary,/blog/adult-toys-for-couples/,Adult Toys for Couples: How to Choose Together Respectfully,Update existing article,Shared shopping/communication intent.,P2,
lube silicone,Comparison,Lubricant comparison,Secondary,/blog/silicone-lube-guide/,"Silicone Lube: Best Uses, Limits, and Toy Compatibility",Update existing article,"Make compatibility and cleanup the deciding factors, not hype. Commercial value: High; difficulty: Medium.",P1,Mapped from existing keyword cluster file.
silicone lube,Comparison,Lubricant comparison,Primary,/blog/silicone-lube-guide/,"Silicone Lube: Best Uses, Limits, and Toy Compatibility",Update existing article,"Make compatibility and cleanup the deciding factors, not hype. Commercial value: High; difficulty: Medium.",P1,Mapped from existing keyword cluster file.
silicone based lube,Comparison,Lubricant comparison,Secondary,/blog/silicone-lube-guide/,"Silicone Lube: Best Uses, Limits, and Toy Compatibility",Update existing article,"Make compatibility and cleanup the deciding factors, not hype. Commercial value: High; difficulty: Medium.",P1,Mapped from existing keyword cluster file.
silicone vs water based lube,Comparison,Lubricant comparison,Secondary,/blog/water-based-lube-vs-silicone-lube/,Water-Based Lube vs Silicone Lube: Which Should You Choose?,Update existing article,Make compatibility and cleanup the decision framework. Commercial value: High; difficulty: Medium.,P1,Mapped from existing keyword cluster file.
best silicone lube,Comparison,Lubricant comparison,Secondary,/blog/silicone-lube-guide/,"Silicone Lube: Best Uses, Limits, and Toy Compatibility",Update existing article,"Make compatibility and cleanup the deciding factors, not hype. Commercial value: High; difficulty: Medium.",P1,Mapped from existing keyword cluster file.
silicon lube,Informational,Lubricant basics,Secondary,/blog/beginner-lubricant-guide/,"Beginner Lubricant Guide: Ingredients, Feel, and Compatibility",Update existing article,General beginner lubricant education.,P1,
silicone lube spray,Comparison,Lubricant comparison,Secondary,/blog/silicone-lube-guide/,"Silicone Lube: Best Uses, Limits, and Toy Compatibility",Update existing article,"Make compatibility and cleanup the deciding factors, not hype. Commercial value: High; difficulty: Medium.",P1,Mapped from existing keyword cluster file.
super lube silicone grease,Comparison,Lubricant comparison,Secondary,/blog/silicone-lube-guide/,"Silicone Lube: Best Uses, Limits, and Toy Compatibility",Update existing article,"Make compatibility and cleanup the deciding factors, not hype. Commercial value: High; difficulty: Medium.",P1,Mapped from existing keyword cluster file.
silicone lube for car windows,Comparison,Silicone lubricant,Secondary,/blog/silicone-lube-guide/,"Silicone Lube: Best Uses, Limits, and Toy Compatibility",Update existing article,Silicone lubricant usage/compatibility intent.,P1,
super lube silicone lubricating grease,Comparison,Silicone lubricant,Secondary,/blog/silicone-lube-guide/,"Silicone Lube: Best Uses, Limits, and Toy Compatibility",Update existing article,Silicone lubricant usage/compatibility intent.,P1,
water based lube vs silicone based,Comparison,Lubricant comparison,Secondary,/blog/water-based-lube-vs-silicone-lube/,Water-Based Lube vs Silicone Lube: Which Should You Choose?,Update existing article,Make compatibility and cleanup the decision framework. Commercial value: High; difficulty: Medium.,P2,Mapped from existing keyword cluster file.
best silicone based lube,Informational,Lubricant basics,Secondary,/blog/beginner-lubricant-guide/,"Beginner Lubricant Guide: Ingredients, Feel, and Compatibility",Update existing article,General beginner lubricant education.,P1,
silicone based personal lube,Informational,Lubricant basics,Secondary,/blog/beginner-lubricant-guide/,"Beginner Lubricant Guide: Ingredients, Feel, and Compatibility",Update existing article,General beginner lubricant education.,P1,
silicone lube for treadmill,Comparison,Silicone lubricant,Secondary,/blog/silicone-lube-guide/,"Silicone Lube: Best Uses, Limits, and Toy Compatibility",Update existing article,Silicone lubricant usage/compatibility intent.,P1,
silicone lube with silicone toys,How-to,Cleaning and storage,Secondary,/blog/how-to-clean-silicone-sex-toys/,How to Clean Silicone Sex Toys Without Damaging Them,Update existing article,Separate silicone material care from electronics care. Commercial value: Medium; difficulty: Easy.,P2,Mapped from existing keyword cluster file.
silicone personal lube,Informational,Lubricant basics,Secondary,/blog/beginner-lubricant-guide/,"Beginner Lubricant Guide: Ingredients, Feel, and Compatibility",Update existing article,General beginner lubricant education.,P1,
water vs silicone lube,Comparison,Silicone lubricant,Secondary,/blog/silicone-lube-guide/,"Silicone Lube: Best Uses, Limits, and Toy Compatibility",Update existing article,Silicone lubricant usage/compatibility intent.,P1,
3 in one rvcare slide out silicone lube,Comparison,Silicone lubricant,Secondary,/blog/silicone-lube-guide/,"Silicone Lube: Best Uses, Limits, and Toy Compatibility",Update existing article,Silicone lubricant usage/compatibility intent.,P1,
best lube for silicone toys,How-to,Cleaning and storage,Secondary,/blog/how-to-clean-silicone-sex-toys/,How to Clean Silicone Sex Toys Without Damaging Them,Update existing article,Separate silicone material care from electronics care. Commercial value: Medium; difficulty: Easy.,P2,Mapped from existing keyword cluster file.
lube for silicone toys,How-to,Cleaning and storage,Secondary,/blog/how-to-clean-silicone-sex-toys/,How to Clean Silicone Sex Toys Without Damaging Them,Update existing article,Separate silicone material care from electronics care. Commercial value: Medium; difficulty: Easy.,P2,Mapped from existing keyword cluster file.
silicone anal lube,Informational,Lubricant basics,Secondary,/blog/beginner-lubricant-guide/,"Beginner Lubricant Guide: Ingredients, Feel, and Compatibility",Update existing article,General beginner lubricant education.,P1,
silicone lube and condoms,Comparison,Silicone lubricant,Secondary,/blog/silicone-lube-guide/,"Silicone Lube: Best Uses, Limits, and Toy Compatibility",Update existing article,Silicone lubricant usage/compatibility intent.,P1,
silicone lube sex,How-to,Cleaning and storage,Secondary,/blog/how-to-clean-silicone-sex-toys/,How to Clean Silicone Sex Toys Without Damaging Them,Update existing article,Separate silicone material care from electronics care. Commercial value: Medium; difficulty: Easy.,P2,Mapped from existing keyword cluster file.
silicone lube vs water based,Comparison,Lubricant comparison,Secondary,/blog/water-based-lube-vs-silicone-lube/,Water-Based Lube vs Silicone Lube: Which Should You Choose?,Update existing article,Make compatibility and cleanup the decision framework. Commercial value: High; difficulty: Medium.,P2,Mapped from existing keyword cluster file.
silicone lube vs water based lube,Comparison,Lubricant comparison,Secondary,/blog/water-based-lube-vs-silicone-lube/,Water-Based Lube vs Silicone Lube: Which Should You Choose?,Update existing article,Make compatibility and cleanup the decision framework. Commercial value: High; difficulty: Medium.,P2,Mapped from existing keyword cluster file.
silicone or water based lube,Informational,Lubricant basics,Secondary,/blog/water-based-lube-guide/,Water-Based Lube: A Beginner-Friendly Compatibility Guide,Update existing article,Water-based lubricant informational/commercial intent.,P1,
water based vs silicone based lube,Comparison,Lubricant comparison,Secondary,/blog/water-based-lube-vs-silicone-lube/,Water-Based Lube vs Silicone Lube: Which Should You Choose?,Update existing article,Make compatibility and cleanup the decision framework. Commercial value: High; difficulty: Medium.,P2,Mapped from existing keyword cluster file.
3 in 1 rv care slide out silicone lube,Comparison,Silicone lubricant,Secondary,/blog/silicone-lube-guide/,"Silicone Lube: Best Uses, Limits, and Toy Compatibility",Update existing article,Silicone lubricant usage/compatibility intent.,P1,
silicone based anal lube,Informational,Lubricant basics,Secondary,/blog/beginner-lubricant-guide/,"Beginner Lubricant Guide: Ingredients, Feel, and Compatibility",Update existing article,General beginner lubricant education.,P1,
silicone lube condoms,Comparison,Silicone lubricant,Secondary,/blog/silicone-lube-guide/,"Silicone Lube: Best Uses, Limits, and Toy Compatibility",Update existing article,Silicone lubricant usage/compatibility intent.,P1,
silicone lube for sex,Comparison,Silicone lubricant,Secondary,/blog/silicone-lube-guide/,"Silicone Lube: Best Uses, Limits, and Toy Compatibility",Update existing article,Silicone lubricant usage/compatibility intent.,P1,
silicone lube walmart,Comparison,Silicone lubricant,Secondary,/blog/silicone-lube-guide/,"Silicone Lube: Best Uses, Limits, and Toy Compatibility",Update existing article,Silicone lubricant usage/compatibility intent.,P1,
silicone vs water lube,Comparison,Lubricant comparison,Secondary,/blog/water-based-lube-vs-silicone-lube/,Water-Based Lube vs Silicone Lube: Which Should You Choose?,Update existing article,Comparison intent belongs on the dedicated water-vs-silicone page.,P1,
super lube 92003 silicone lubricating grease with ptfe,Informational,Lubricant basics,Secondary,/blog/beginner-lubricant-guide/,"Beginner Lubricant Guide: Ingredients, Feel, and Compatibility",Update existing article,General beginner lubricant education.,P1,
astroglide silicone lube,Comparison,Silicone lubricant,Secondary,/blog/silicone-lube-guide/,"Silicone Lube: Best Uses, Limits, and Toy Compatibility",Update existing article,Silicone lubricant usage/compatibility intent.,P1,
best lube for silicone,Informational,Lubricant basics,Secondary,/blog/beginner-lubricant-guide/,"Beginner Lubricant Guide: Ingredients, Feel, and Compatibility",Update existing article,General beginner lubricant education.,P1,
silicon based lube,Informational,Lubricant basics,Secondary,/blog/beginner-lubricant-guide/,"Beginner Lubricant Guide: Ingredients, Feel, and Compatibility",Update existing article,General beginner lubricant education.,P1,
silicone based vs water based lube,Comparison,Lubricant comparison,Secondary,/blog/water-based-lube-vs-silicone-lube/,Water-Based Lube vs Silicone Lube: Which Should You Choose?,Update existing article,Make compatibility and cleanup the decision framework. Commercial value: High; difficulty: Medium.,P3,Mapped from existing keyword cluster file.
silicone lubes,Comparison,Silicone lubricant,Secondary,/blog/silicone-lube-guide/,"Silicone Lube: Best Uses, Limits, and Toy Compatibility",Update existing article,Silicone lubricant usage/compatibility intent.,P1,
silicone sex lube,Informational,Lubricant basics,Secondary,/blog/beginner-lubricant-guide/,"Beginner Lubricant Guide: Ingredients, Feel, and Compatibility",Update existing article,General beginner lubricant education.,P1,
silicone-based lube,Informational,Lubricant basics,Secondary,/blog/beginner-lubricant-guide/,"Beginner Lubricant Guide: Ingredients, Feel, and Compatibility",Update existing article,General beginner lubricant education.,P1,
uberlube silicone lube,Comparison,Silicone lubricant,Secondary,/blog/silicone-lube-guide/,"Silicone Lube: Best Uses, Limits, and Toy Compatibility",Update existing article,Silicone lubricant usage/compatibility intent.,P1,
best silicone personal lube,Informational,Lubricant basics,Secondary,/blog/beginner-lubricant-guide/,"Beginner Lubricant Guide: Ingredients, Feel, and Compatibility",Update existing article,General beginner lubricant education.,P1,
dry silicone lube,Comparison,Silicone lubricant,Secondary,/blog/silicone-lube-guide/,"Silicone Lube: Best Uses, Limits, and Toy Compatibility",Update existing article,Silicone lubricant usage/compatibility intent.,P1,
how to clean silicone lube,How-to,Cleaning and material care,Secondary,/blog/how-to-clean-silicone-sex-toys/,How to Clean Silicone Sex Toys Without Damaging Them,Update existing article,How-to cleaning intent for silicone products.,P3,
is silicone lube safe,Comparison,Silicone lubricant,Secondary,/blog/silicone-lube-guide/,"Silicone Lube: Best Uses, Limits, and Toy Compatibility",Update existing article,Silicone lubricant usage/compatibility intent.,P1,
lube silicone vs water,Comparison,Lubricant comparison,Secondary,/blog/water-based-lube-vs-silicone-lube/,Water-Based Lube vs Silicone Lube: Which Should You Choose?,Update existing article,Comparison intent belongs on the dedicated water-vs-silicone page.,P1,
silicone lube and silicone toys,How-to,Cleaning and material care,Secondary,/blog/how-to-clean-silicone-sex-toys/,How to Clean Silicone Sex Toys Without Damaging Them,Update existing article,Silicone-toy compatibility/care should support cleaning article.,P3,
silicone lube for silicone toys,How-to,Cleaning and material care,Secondary,/blog/how-to-clean-silicone-sex-toys/,How to Clean Silicone Sex Toys Without Damaging Them,Update existing article,Silicone-toy compatibility/care should support cleaning article.,P3,
silicone lube on condoms,Comparison,Silicone lubricant,Secondary,/blog/silicone-lube-guide/,"Silicone Lube: Best Uses, Limits, and Toy Compatibility",Update existing article,Silicone lubricant usage/compatibility intent.,P1,
super lube o ring silicone grease,Informational,Lubricant basics,Secondary,/blog/beginner-lubricant-guide/,"Beginner Lubricant Guide: Ingredients, Feel, and Compatibility",Update existing article,General beginner lubricant education.,P1,
super lube silicone oil,Comparison,Silicone lubricant,Secondary,/blog/silicone-lube-guide/,"Silicone Lube: Best Uses, Limits, and Toy Compatibility",Update existing article,Silicone lubricant usage/compatibility intent.,P1,
swiss navy lube silicone,Comparison,Silicone lubricant,Secondary,/blog/silicone-lube-guide/,"Silicone Lube: Best Uses, Limits, and Toy Compatibility",Update existing article,Silicone lubricant usage/compatibility intent.,P1,
vibration plate for beginners,Informational,Unclustered adult wellness/general,Secondary,/blog/adult-toy-buying-guide/,"Adult Toy Buying Guide: Safety, Privacy, and Value Checks",Review manually,No precise cluster match; assign to broad buying guide until a distinct compliant intent is proven.,P4,Manual review recommended before content changes.
vibration plates for beginners,Informational,Unclustered adult wellness/general,Secondary,/blog/adult-toy-buying-guide/,"Adult Toy Buying Guide: Safety, Privacy, and Value Checks",Review manually,No precise cluster match; assign to broad buying guide until a distinct compliant intent is proven.,P4,Manual review recommended before content changes.
vibration plate exercises for beginners,Informational,Unclustered adult wellness/general,Secondary,/blog/adult-toy-buying-guide/,"Adult Toy Buying Guide: Safety, Privacy, and Value Checks",Review manually,No precise cluster match; assign to broad buying guide until a distinct compliant intent is proven.,P4,Manual review recommended before content changes.
vibrators for beginners,Beginner Guide,Beginner vibrator selection,Primary,/blog/vibrators-for-beginners/,Vibrators for Beginners: How to Choose Without Guesswork,Update existing article,Explain what features matter first and which advanced features can wait. Commercial value: High; difficulty: Easy.,P1,Mapped from existing keyword cluster file.
best vibrators for beginners,Beginner Guide,Beginner vibrator selection,Secondary,/blog/vibrators-for-beginners/,Vibrators for Beginners: How to Choose Without Guesswork,Update existing article,Beginner vibrator choice intent.,P1,
best vibrator for beginners,Comparison,Beginner product types,Secondary,/blog/best-adult-toys-for-beginners/,Best Adult Toys for Beginners: Types to Consider First,Update existing article,Compare product categories without claiming one universal best choice. Commercial value: High; difficulty: Easy.,P2,Mapped from existing keyword cluster file.
magic wand plus personal massager authentic power adapter,Commercial,Wand massagers,Secondary,/blog/wand-massager-guide/,"Wand Massager Guide: Power, Noise, Weight, and Care",Update existing article,"Balance power with comfort, privacy, and practical storage. Commercial value: High; difficulty: Easy.",P1,Mapped from existing keyword cluster file.
wand massager,Commercial,Wand massagers,Primary,/blog/wand-massager-guide/,"Wand Massager Guide: Power, Noise, Weight, and Care",Update existing article,"Balance power with comfort, privacy, and practical storage. Commercial value: High; difficulty: Easy.",P1,Mapped from existing keyword cluster file.
massage wand,Commercial,Wand massagers,Secondary,/blog/wand-massager-guide/,"Wand Massager Guide: Power, Noise, Weight, and Care",Update existing article,Wand massager product selection intent.,P1,
perineal massage wand,Commercial,Wand massagers,Secondary,/blog/wand-massager-guide/,"Wand Massager Guide: Power, Noise, Weight, and Care",Update existing article,Wand massager product selection intent.,P1,
hitachi wand massager,Commercial,Wand massagers,Secondary,/blog/wand-massager-guide/,"Wand Massager Guide: Power, Noise, Weight, and Care",Update existing article,"Balance power with comfort, privacy, and practical storage. Commercial value: High; difficulty: Easy.",P2,Mapped from existing keyword cluster file.
hitachi wand massager attachments,Commercial,Wand massagers,Secondary,/blog/wand-massager-guide/,"Wand Massager Guide: Power, Noise, Weight, and Care",Update existing article,"Balance power with comfort, privacy, and practical storage. Commercial value: High; difficulty: Easy.",P2,Mapped from existing keyword cluster file.
magic wand massager,Commercial,Wand massagers,Secondary,/blog/wand-massager-guide/,"Wand Massager Guide: Power, Noise, Weight, and Care",Update existing article,"Balance power with comfort, privacy, and practical storage. Commercial value: High; difficulty: Easy.",P2,Mapped from existing keyword cluster file.
frida mom prepare-to-push perineal massage wand,Commercial,Wand massagers,Secondary,/blog/wand-massager-guide/,"Wand Massager Guide: Power, Noise, Weight, and Care",Update existing article,Wand massager product selection intent.,P2,
massager wand,Commercial,Wand massagers,Secondary,/blog/wand-massager-guide/,"Wand Massager Guide: Power, Noise, Weight, and Care",Update existing article,"Balance power with comfort, privacy, and practical storage. Commercial value: High; difficulty: Easy.",P2,Mapped from existing keyword cluster file.
massage wands,Commercial,Wand massagers,Secondary,/blog/wand-massager-guide/,"Wand Massager Guide: Power, Noise, Weight, and Care",Update existing article,Wand massager product selection intent.,P2,
massage wand cordless,Commercial,Wand massagers,Secondary,/blog/wand-massager-guide/,"Wand Massager Guide: Power, Noise, Weight, and Care",Update existing article,Wand massager product selection intent.,P2,
original magic wand massager,Commercial,Wand massagers,Secondary,/blog/wand-massager-guide/,"Wand Massager Guide: Power, Noise, Weight, and Care",Update existing article,"Balance power with comfort, privacy, and practical storage. Commercial value: High; difficulty: Easy.",P2,Mapped from existing keyword cluster file.
back massager wand,Commercial,Wand massagers,Secondary,/blog/wand-massager-guide/,"Wand Massager Guide: Power, Noise, Weight, and Care",Update existing article,Wand massager product selection intent.,P2,
cordless magic wand massager,Commercial,Wand massagers,Secondary,/blog/wand-massager-guide/,"Wand Massager Guide: Power, Noise, Weight, and Care",Update existing article,Wand massager product selection intent.,P2,
cordless wand massager,Commercial,Wand massagers,Secondary,/blog/wand-massager-guide/,"Wand Massager Guide: Power, Noise, Weight, and Care",Update existing article,Wand massager product selection intent.,P2,
frida perineal massage wand,Commercial,Wand massagers,Secondary,/blog/wand-massager-guide/,"Wand Massager Guide: Power, Noise, Weight, and Care",Update existing article,Wand massager product selection intent.,P2,
personal massager wand,Commercial,Wand massagers,Secondary,/blog/wand-massager-guide/,"Wand Massager Guide: Power, Noise, Weight, and Care",Update existing article,Wand massager product selection intent.,P2,
wand massagers,Commercial,Wand massagers,Secondary,/blog/wand-massager-guide/,"Wand Massager Guide: Power, Noise, Weight, and Care",Update existing article,Wand massager product selection intent.,P2,
wand vibration massager charger,Commercial,Wand massagers,Secondary,/blog/wand-massager-guide/,"Wand Massager Guide: Power, Noise, Weight, and Care",Update existing article,Wand massager product selection intent.,P2,
best wand massager,Commercial,Wand massagers,Secondary,/blog/wand-massager-guide/,"Wand Massager Guide: Power, Noise, Weight, and Care",Update existing article,Wand massager product selection intent.,P2,
hitachi magic wand massager price,Commercial,Wand massagers,Secondary,/blog/wand-massager-guide/,"Wand Massager Guide: Power, Noise, Weight, and Care",Update existing article,Wand massager product selection intent.,P2,
magic wand personal massager,Commercial,Wand massagers,Secondary,/blog/wand-massager-guide/,"Wand Massager Guide: Power, Noise, Weight, and Care",Update existing article,Wand massager product selection intent.,P2,
body wand massager,Commercial,Wand massagers,Secondary,/blog/wand-massager-guide/,"Wand Massager Guide: Power, Noise, Weight, and Care",Update existing article,Wand massager product selection intent.,P2,
water based lube,Informational,Lubricant basics,Primary,/blog/water-based-lube-guide/,Water-Based Lube: A Beginner-Friendly Compatibility Guide,Update existing article,Explain why water-based formulas are often the safest first choice. Commercial value: High; difficulty: Easy.,P1,Mapped from existing keyword cluster file.
water based lube condoms,Informational,Lubricant basics,Secondary,/blog/water-based-lube-guide/,Water-Based Lube: A Beginner-Friendly Compatibility Guide,Update existing article,Explain why water-based formulas are often the safest first choice. Commercial value: High; difficulty: Easy.,P1,Mapped from existing keyword cluster file.
water-based lubricant lube,Beginner Guide,Lubricant basics,Secondary,/blog/beginner-lubricant-guide/,"Beginner Lubricant Guide: Ingredients, Feel, and Compatibility",Update existing article,Explain compatibility and comfort in plain language. Commercial value: High; difficulty: Easy.,P1,Mapped from existing keyword cluster file.
best water based lube,Informational,Lubricant basics,Secondary,/blog/water-based-lube-guide/,Water-Based Lube: A Beginner-Friendly Compatibility Guide,Update existing article,Explain why water-based formulas are often the safest first choice. Commercial value: High; difficulty: Easy.,P1,Mapped from existing keyword cluster file.
water based lubricant lube,Beginner Guide,Lubricant basics,Secondary,/blog/beginner-lubricant-guide/,"Beginner Lubricant Guide: Ingredients, Feel, and Compatibility",Update existing article,Explain compatibility and comfort in plain language. Commercial value: High; difficulty: Easy.,P1,Mapped from existing keyword cluster file.
water based personal lube,Informational,Lubricant basics,Secondary,/blog/water-based-lube-guide/,Water-Based Lube: A Beginner-Friendly Compatibility Guide,Update existing article,Explain why water-based formulas are often the safest first choice. Commercial value: High; difficulty: Easy.,P1,Mapped from existing keyword cluster file.
water based lubes,Informational,Lubricant basics,Secondary,/blog/water-based-lube-guide/,Water-Based Lube: A Beginner-Friendly Compatibility Guide,Update existing article,Water-based lubricant informational/commercial intent.,P1,
water based anal lube,Beginner Guide,Beginner anal wellness,Secondary,/blog/anal-toys-for-beginners/,"Anal Toys for Beginners: Safety, Size, and Comfort Basics",Update existing article,"Prioritize anatomy-safe design, patience, and non-medical caution. Commercial value: Medium; difficulty: Medium.",P1,Mapped from existing keyword cluster file.
water based lube sex,Informational,Lubricant basics,Secondary,/blog/water-based-lube-guide/,Water-Based Lube: A Beginner-Friendly Compatibility Guide,Update existing article,Explain why water-based formulas are often the safest first choice. Commercial value: High; difficulty: Easy.,P1,Mapped from existing keyword cluster file.
water base lube,Informational,Lubricant basics,Secondary,/blog/beginner-lubricant-guide/,"Beginner Lubricant Guide: Ingredients, Feel, and Compatibility",Update existing article,General beginner lubricant education.,P1,
best water based lubes,Informational,Lubricant basics,Secondary,/blog/water-based-lube-guide/,Water-Based Lube: A Beginner-Friendly Compatibility Guide,Update existing article,Water-based lubricant informational/commercial intent.,P1,
water based lube and pregnancy,Informational,Lubricant basics,Secondary,/blog/water-based-lube-guide/,Water-Based Lube: A Beginner-Friendly Compatibility Guide,Update existing article,Water-based lubricant informational/commercial intent.,P1,
water based lube for anal,Beginner Guide,Beginner anal wellness,Secondary,/blog/anal-toys-for-beginners/,"Anal Toys for Beginners: Safety, Size, and Comfort Basics",Update existing article,"Prioritize anatomy-safe design, patience, and non-medical caution. Commercial value: Medium; difficulty: Medium.",P2,Mapped from existing keyword cluster file.
water based lube cvs,Informational,Lubricant basics,Secondary,/blog/water-based-lube-guide/,Water-Based Lube: A Beginner-Friendly Compatibility Guide,Update existing article,Water-based lubricant informational/commercial intent.,P1,
water based sex lube,Informational,Body-safe materials,Secondary,/blog/body-safe-sex-toys/,"Body-Safe Sex Toys: Materials, Labels, and Red Flags",Update existing article,Turn confusing material claims into a simple safety checklist. Commercial value: High; difficulty: Medium.,P1,Mapped from existing keyword cluster file.
water-based creamy lube,Informational,Lubricant basics,Secondary,/blog/water-based-lube-guide/,Water-Based Lube: A Beginner-Friendly Compatibility Guide,Update existing article,Water-based lubricant informational/commercial intent.,P1,
water-based creamy lube bulk,Informational,Lubricant basics,Secondary,/blog/water-based-lube-guide/,Water-Based Lube: A Beginner-Friendly Compatibility Guide,Update existing article,Water-based lubricant informational/commercial intent.,P1,
astroglide water based lube,Informational,Lubricant basics,Secondary,/blog/water-based-lube-guide/,Water-Based Lube: A Beginner-Friendly Compatibility Guide,Update existing article,Water-based lubricant informational/commercial intent.,P1,
ky lube water based,Informational,Lubricant basics,Secondary,/blog/water-based-lube-guide/,Water-Based Lube: A Beginner-Friendly Compatibility Guide,Update existing article,Water-based lubricant informational/commercial intent.,P1,
water base lub,Commercial,Unclustered adult wellness/general,Secondary,/blog/adult-toy-buying-guide/,"Adult Toy Buying Guide: Safety, Privacy, and Value Checks",Review manually,No precise cluster match; assign to broad buying guide until a distinct compliant intent is proven.,P4,Manual review recommended before content changes.
water based lube for sensitive skin,Informational,Lubricant basics,Secondary,/blog/water-based-lube-guide/,Water-Based Lube: A Beginner-Friendly Compatibility Guide,Update existing article,Water-based lubricant informational/commercial intent.,P1,
water based lube walmart,Informational,Lubricant basics,Secondary,/blog/water-based-lube-guide/,Water-Based Lube: A Beginner-Friendly Compatibility Guide,Update existing article,Water-based lubricant informational/commercial intent.,P1,
lube water based,Informational,Lubricant basics,Secondary,/blog/water-based-lube-guide/,Water-Based Lube: A Beginner-Friendly Compatibility Guide,Update existing article,Water-based lubricant informational/commercial intent.,P1,
lubelife water based lube,Informational,Lubricant basics,Secondary,/blog/water-based-lube-guide/,Water-Based Lube: A Beginner-Friendly Compatibility Guide,Update existing article,Water-based lubricant informational/commercial intent.,P1,
natural water based lube,Informational,Lubricant basics,Secondary,/blog/water-based-lube-guide/,Water-Based Lube: A Beginner-Friendly Compatibility Guide,Update existing article,Water-based lubricant informational/commercial intent.,P1,
water based lube for women,Informational,Lubricant basics,Secondary,/blog/water-based-lube-guide/,Water-Based Lube: A Beginner-Friendly Compatibility Guide,Update existing article,Water-based lubricant informational/commercial intent.,P1,
water based lube near me,Informational,Lubricant basics,Secondary,/blog/water-based-lube-guide/,Water-Based Lube: A Beginner-Friendly Compatibility Guide,Update existing article,Water-based lubricant informational/commercial intent.,P1,
aloe cadabra natural aloe water based lube,Informational,Lubricant basics,Secondary,/blog/water-based-lube-guide/,Water-Based Lube: A Beginner-Friendly Compatibility Guide,Update existing article,Water-based lubricant informational/commercial intent.,P1,
best water based sex lube,Informational,Lubricant basics,Secondary,/blog/water-based-lube-guide/,Water-Based Lube: A Beginner-Friendly Compatibility Guide,Update existing article,Water-based lubricant informational/commercial intent.,P1,
glycerin free water based lube,Informational,Lubricant basics,Secondary,/blog/water-based-lube-guide/,Water-Based Lube: A Beginner-Friendly Compatibility Guide,Update existing article,Water-based lubricant informational/commercial intent.,P1,
walgreens water based lube,Informational,Lubricant basics,Secondary,/blog/water-based-lube-guide/,Water-Based Lube: A Beginner-Friendly Compatibility Guide,Update existing article,Water-based lubricant informational/commercial intent.,P1,
water based lube for sex,Informational,Lubricant basics,Secondary,/blog/water-based-lube-guide/,Water-Based Lube: A Beginner-Friendly Compatibility Guide,Update existing article,Water-based lubricant informational/commercial intent.,P1,
what is water based lube,Informational,Lubricant basics,Secondary,/blog/water-based-lube-guide/,Water-Based Lube: A Beginner-Friendly Compatibility Guide,Update existing article,Water-based lubricant informational/commercial intent.,P1,
cvs water based lube,Informational,Lubricant basics,Secondary,/blog/water-based-lube-guide/,Water-Based Lube: A Beginner-Friendly Compatibility Guide,Update existing article,Water-based lubricant informational/commercial intent.,P1,
lelo personal moisturizer water based lube,Informational,Lubricant basics,Secondary,/blog/water-based-lube-guide/,Water-Based Lube: A Beginner-Friendly Compatibility Guide,Update existing article,Water-based lubricant informational/commercial intent.,P1,
lube life water based personal lubricant,Beginner Guide,Lubricant basics,Secondary,/blog/beginner-lubricant-guide/,"Beginner Lubricant Guide: Ingredients, Feel, and Compatibility",Update existing article,Explain compatibility and comfort in plain language. Commercial value: High; difficulty: Easy.,P3,Mapped from existing keyword cluster file.
lubelife water-based lube,Informational,Lubricant basics,Secondary,/blog/water-based-lube-guide/,Water-Based Lube: A Beginner-Friendly Compatibility Guide,Update existing article,Water-based lubricant informational/commercial intent.,P1,
organic water based lube,Informational,Lubricant basics,Secondary,/blog/water-based-lube-guide/,Water-Based Lube: A Beginner-Friendly Compatibility Guide,Update existing article,Water-based lubricant informational/commercial intent.,P1,
water based lube walgreens,Informational,Lubricant basics,Secondary,/blog/water-based-lube-guide/,Water-Based Lube: A Beginner-Friendly Compatibility Guide,Update existing article,Water-based lubricant informational/commercial intent.,P1,
water based vaginal lube,Informational,Lubricant basics,Secondary,/blog/water-based-lube-guide/,Water-Based Lube: A Beginner-Friendly Compatibility Guide,Update existing article,Water-based lubricant informational/commercial intent.,P1,
water based warming lube,Informational,Lubricant basics,Secondary,/blog/water-based-lube-guide/,Water-Based Lube: A Beginner-Friendly Compatibility Guide,Update existing article,Water-based lubricant informational/commercial intent.,P1,
water-based lube,Informational,Lubricant basics,Secondary,/blog/water-based-lube-guide/,Water-Based Lube: A Beginner-Friendly Compatibility Guide,Update existing article,Water-based lubricant informational/commercial intent.,P1,
aloe cadabra natural aloe water-based lube,Informational,Lubricant basics,Secondary,/blog/water-based-lube-guide/,Water-Based Lube: A Beginner-Friendly Compatibility Guide,Update existing article,Water-based lubricant informational/commercial intent.,P1,
best water based lube for anal,Informational,Lubricant basics,Secondary,/blog/water-based-lube-guide/,Water-Based Lube: A Beginner-Friendly Compatibility Guide,Update existing article,Water-based lubricant informational/commercial intent.,P1,
best water based lube for sensitive skin,Informational,Lubricant basics,Secondary,/blog/water-based-lube-guide/,Water-Based Lube: A Beginner-Friendly Compatibility Guide,Update existing article,Water-based lubricant informational/commercial intent.,P1,
best water based lube reddit,Informational,Lubricant basics,Secondary,/blog/water-based-lube-guide/,Water-Based Lube: A Beginner-Friendly Compatibility Guide,Update existing article,Water-based lubricant informational/commercial intent.,P1,
flavored water based lube,Informational,Lubricant basics,Secondary,/blog/water-based-lube-guide/,Water-Based Lube: A Beginner-Friendly Compatibility Guide,Update existing article,Water-based lubricant informational/commercial intent.,P1,
is ky lube water based,Informational,Lubricant basics,Secondary,/blog/water-based-lube-guide/,Water-Based Lube: A Beginner-Friendly Compatibility Guide,Update existing article,Water-based lubricant informational/commercial intent.,P1,
is water based lube better,Informational,Lubricant basics,Secondary,/blog/water-based-lube-guide/,Water-Based Lube: A Beginner-Friendly Compatibility Guide,Update existing article,Water-based lubricant informational/commercial intent.,P1,
is water based lube edible,Informational,Lubricant basics,Secondary,/blog/water-based-lube-guide/,Water-Based Lube: A Beginner-Friendly Compatibility Guide,Update existing article,Water-based lubricant informational/commercial intent.,P1,
ky water based lube,Informational,Lubricant basics,Secondary,/blog/water-based-lube-guide/,Water-Based Lube: A Beginner-Friendly Compatibility Guide,Update existing article,Water-based lubricant informational/commercial intent.,P1,
oil vs water based lube,Informational,Lubricant basics,Secondary,/blog/water-based-lube-guide/,Water-Based Lube: A Beginner-Friendly Compatibility Guide,Update existing article,Water-based lubricant informational/commercial intent.,P1,
slippery stuff water based lube,Informational,Lubricant basics,Secondary,/blog/water-based-lube-guide/,Water-Based Lube: A Beginner-Friendly Compatibility Guide,Update existing article,Water-based lubricant informational/commercial intent.,P1,
water based cbd lube,Informational,Lubricant basics,Secondary,/blog/water-based-lube-guide/,Water-Based Lube: A Beginner-Friendly Compatibility Guide,Update existing article,Water-based lubricant informational/commercial intent.,P1,
water based lub,Informational,Lubricant basics,Secondary,/blog/water-based-lube-guide/,Water-Based Lube: A Beginner-Friendly Compatibility Guide,Update existing article,Water-based lubricant informational/commercial intent.,P1,
water based lube amazon,Informational,Lubricant basics,Secondary,/blog/water-based-lube-guide/,Water-Based Lube: A Beginner-Friendly Compatibility Guide,Update existing article,Water-based lubricant informational/commercial intent.,P1,
water based lube nearby,Informational,Lubricant basics,Secondary,/blog/water-based-lube-guide/,Water-Based Lube: A Beginner-Friendly Compatibility Guide,Update existing article,Water-based lubricant informational/commercial intent.,P1,
water based lube target,Informational,Lubricant basics,Secondary,/blog/water-based-lube-guide/,Water-Based Lube: A Beginner-Friendly Compatibility Guide,Update existing article,Water-based lubricant informational/commercial intent.,P1,
waterproof vibrator,Problem Solving,Waterproof care,Primary,/blog/waterproof-vibrator-guide/,"Waterproof Vibrator Guide: Ratings, Cleaning, and Cautions",Update existing article,Clarify waterproof versus splash resistant and safe cleaning habits. Commercial value: High; difficulty: Medium.,P1,Mapped from existing keyword cluster file.
waterproof vibrators,Beginner Guide,Beginner vibrator selection,Secondary,/blog/vibrators-for-beginners/,Vibrators for Beginners: How to Choose Without Guesswork,Update existing article,Explain what features matter first and which advanced features can wait. Commercial value: High; difficulty: Easy.,P1,Mapped from existing keyword cluster file.
waterproof vibrater,Problem Solving,Waterproof care,Secondary,/blog/waterproof-vibrator-guide/,"Waterproof Vibrator Guide: Ratings, Cleaning, and Cautions",Update existing article,Waterproof vs splash-resistant problem-solving intent.,P1,
are vibrators waterproof,Problem Solving,Waterproof care,Secondary,/blog/waterproof-vibrator-guide/,"Waterproof Vibrator Guide: Ratings, Cleaning, and Cautions",Update existing article,Waterproof vs splash-resistant problem-solving intent.,P1,
