source_file,seed_keyword,Keyword,Intent,Volume,Trend,Keyword Difficulty,SERP Features
adult-toys_broad-match_us_2026-06-23 (1).xlsx,adult toys,fidget toys for adults,Commercial,6600,"0.55,0.55,0.44,0.55,0.55,0.55,0.67,0.82,1.00,0.82,0.55,0.67",22,"Sitelinks, AI Overview, Image, Image pack, Video, People also ask, Discussions and forums, Related searches"
adult-toys_broad-match_us_2026-06-23 (1).xlsx,adult toys,toys for adults,Commercial,2900,"0.54,0.54,0.54,0.54,0.54,0.42,0.67,0.79,1.00,0.42,0.54,0.67",22,"Sitelinks, Local pack, Related searches"
adult-toys_broad-match_us_2026-06-23 (1).xlsx,adult toys,best fidget toys for adults,Commercial,2400,"0.44,0.53,0.67,0.53,0.67,0.67,0.67,0.80,1.00,0.53,0.53,0.67",26,"Sitelinks, AI Overview, Image, Image pack, Video, People also ask, Related searches"
adult-toys_broad-match_us_2026-06-23 (1).xlsx,adult toys,fidget toys adults,Commercial,2400,"0.54,0.54,0.36,0.36,0.36,0.36,0.81,0.65,0.65,0.43,1.00,0.54",25,"Sitelinks, Image, Video, People also ask, Related searches, Popular products"
adult-toys_broad-match_us_2026-06-23 (1).xlsx,adult toys,toy story adult outfit,Commercial,2400,"0.05,0.13,0.16,0.00,0.07,1.00,0.81,0.19,0.08,0.13,0.10,0.10",23,"Sitelinks, Image pack, Video, Related searches"
adult-toys_broad-match_us_2026-06-23 (1).xlsx,adult toys,toy story costumes for adults,Commercial,2400,"0.02,0.03,0.05,0.10,0.15,0.81,1.00,0.04,0.02,0.03,0.07,0.01",24,"Sitelinks, Image, Image pack, Video, Related searches"
adult-toys_broad-match_us_2026-06-23 (1).xlsx,adult toys,adult toy cleaner,Informational,1900,"1.00,0.52,0.44,1.00,0.36,0.36,0.52,0.52,0.66,1.00,0.36,0.44",26,"Sitelinks, AI Overview, Video, People also ask, Related searches"
adult-toys_broad-match_us_2026-06-23 (1).xlsx,adult toys,jessie toy story outfit adult,Commercial,1900,"0.00,0.00,0.02,0.01,0.05,0.24,1.00,0.03,0.00,0.00,0.01,0.02",23,"Sitelinks, Image pack, Video, Video carousel, Related searches"
adult-toys_broad-match_us_2026-06-23 (1).xlsx,adult toys,adult happy meal toy,"Informational, Commercial",1300,"0.25,0.00,0.00,0.50,1.00,0.25,0.25,0.25,0.25,0.25,0.25,0.25",29,"Sitelinks, AI Overview, Video, Video carousel, People also ask, Related searches, Popular products"
adult-toys_broad-match_us_2026-06-23 (1).xlsx,adult toys,adult sensory toys,Commercial,1300,"1.00,0.13,0.09,0.30,0.15,0.07,0.13,0.54,0.09,0.06,0.04,0.06",17,"Sitelinks, Image, Image pack, Video, Related searches, Popular products"
adult-toys_broad-match_us_2026-06-23 (1).xlsx,adult toys,adult toy eggs insertable,Informational,1300,"1.00,0.00",18,Sitelinks
adult-toys_broad-match_us_2026-06-23 (1).xlsx,adult toys,adult toy story costumes,Commercial,1300,"0.00,0.06,0.06,0.24,0.24,0.54,1.00,0.09,0.07,0.04,0.06,0.00",19,"Sitelinks, Image, Image pack, Video, Related searches"
adult-toys_broad-match_us_2026-06-23 (1).xlsx,adult toys,sybian adult toy,Commercial,1300,"1.00,0.09,0.29,0.37,0.23,0.46,0.37,0.20,0.29,0.37,0.20,0.37",19,Sitelinks
adult-toys_broad-match_us_2026-06-23 (1).xlsx,adult toys,womanizer adult toy,Transactional,1300,"0.24,0.24,0.24,0.29,0.24,0.24,0.24,0.29,0.53,1.00,0.24,0.08",27,"Sitelinks, People also ask"
adult-toys_broad-match_us_2026-06-23 (1).xlsx,adult toys,adult toy poodle,Informational,1000,"0.80,0.80,1.00,1.00,0.24,0.24,0.29,0.29,1.00,0.62,0.80,0.44",23,"AI Overview, Image, Video, Video carousel, People also ask, Discussions and forums"
adult-toys_broad-match_us_2026-06-23 (1).xlsx,adult toys,toy story costume for adults,"Informational, Commercial",1000,"0.01,0.03,0.03,0.07,0.18,1.00,0.81,0.05,0.02,0.05,0.02,0.02",25,"Sitelinks, Image, Image pack, Video, People also ask, Related searches, Popular products"
adult-toys_broad-match_us_2026-06-23 (1).xlsx,adult toys,toys that are for adults to chew on,Commercial,1000,"1.00,0.00",15,"Sitelinks, Video, People also ask, Discussions and forums, Related searches, Popular products"
adult-toys_broad-match_us_2026-06-23 (1).xlsx,adult toys,adult soft toys,Commercial,880,"0.84,0.68,1.00,0.00,0.00,0.00,0.00,1.00,0.00,0.00,0.00,0.00",20,"Sitelinks, Image, Video, Discussions and forums, Related searches, Popular products"
adult-toys_broad-match_us_2026-06-23 (1).xlsx,adult toys,adult toy box,Commercial,720,"1.00,0.89,0.73,0.58,0.73,0.73,0.58,0.73,0.73,1.00,0.58,0.73",29,"Sitelinks, Video, Local pack"
adult-toys_broad-match_us_2026-06-23 (1).xlsx,adult toys,app controlled adult toys,Commercial,720,"0.77,0.20,0.37,0.56,0.30,0.77,0.30,0.37,0.37,0.44,0.37,1.00",26,Sitelinks
adult-toys_broad-match_us_2026-06-23 (1).xlsx,adult toys,dragon unicorn adult toy,Informational,720,"1.00,0.00,0.00,0.00,0.00,0.00,0.00,0.00,0.00,0.00,0.00,0.00",19,Sitelinks
adult-toys_broad-match_us_2026-06-23 (1).xlsx,adult toys,remote control adult toys,Commercial,720,"0.55,0.44,0.37,1.00,0.30,0.37,0.44,0.44,0.37,0.44,0.44,0.55",23,Sitelinks
adult-toys_broad-match_us_2026-06-23 (1).xlsx,adult toys,toy poodle adult,Informational,720,"0.23,0.31,0.23,0.38,0.54,0.62,0.77,1.00,0.31,0.08,0.23,0.77",25,"Sitelinks, AI Overview, Image, Image pack, Video, Video carousel, People also ask, Related searches, Things to know"
adult-toys_broad-match_us_2026-06-23 (1).xlsx,adult toys,toy story adult tee,Commercial,720,"0.68,0.46,0.46,0.05,0.37,0.68,1.00,0.02,0.05,0.68,0.68,0.84",15,"Sitelinks, Video, Related searches, Popular products"
adult-toys_broad-match_us_2026-06-23 (1).xlsx,adult toys,adult fidget toys for anxiety,Informational,590,"0.45,0.36,0.36,0.36,0.45,0.45,0.45,0.67,1.00,0.55,0.45,0.55",19,"Sitelinks, AI Overview, Image, Video, Video carousel, Discussions and forums, Related searches, Popular products"
adult-toys_broad-match_us_2026-06-23 (1).xlsx,adult toys,adult jessie toy story costume,Commercial,590,"0.01,0.01,0.01,0.04,0.10,0.30,1.00,0.04,0.00,0.04,0.02,0.00",22,"Sitelinks, Image, Image pack, Video, Short videos, Related searches, Popular products"
adult-toys_broad-match_us_2026-06-23 (1).xlsx,adult toys,adult toy storage,Commercial,590,"0.67,0.80,0.80,1.00,0.80,1.00,0.80,0.80,0.80,0.80,0.80,0.67",27,"Sitelinks, Video, Local pack"
adult-toys_broad-match_us_2026-06-23 (1).xlsx,adult toys,jenna's adult toy box,Commercial,590,"0.05,1.00,0.12,0.20,0.56,0.05,0.25,0.56,1.00,1.00,1.00,1.00",28,"Sitelinks, Image, Video, Local pack, Related searches"
adult-toys_broad-match_us_2026-06-23 (1).xlsx,adult toys,jessie toy story costume adult,Commercial,590,"0.00,0.00,0.00,0.07,0.11,0.36,1.00,0.05,0.00,0.02,0.02,0.00",17,"Sitelinks, Image, Image pack, Video, Video carousel, Related searches, Popular products"
adult-toys_broad-match_us_2026-06-23 (1).xlsx,adult toys,love toys adult store former liberated world,Informational,590,"0.54,1.00,0.67,0.19,0.67,1.00,0.67,0.81,0.67,0.67,0.54,0.81",25,"Sitelinks, Knowledge panel"
adult-toys_broad-match_us_2026-06-23 (1).xlsx,adult toys,minecraft adult happy meal toys,Commercial,590,"1.00,0.05,0.01,0.01,0.01,0.00,0.00,0.00,0.00,0.00,0.00,0.00",28,"Sitelinks, Image, Image pack, Video, People also ask, Discussions and forums, Related searches, Popular products"
adult-toys_broad-match_us_2026-06-23 (1).xlsx,adult toys,plush toys for adults,Informational,590,"0.84,1.00,0.13,0.31,0.52,0.25,0.13,0.25,0.20,0.16,0.16,0.13",23,"Sitelinks, AI Overview, Image, Image pack, Video, People also ask, Related searches, Popular products"
adult-toys_broad-match_us_2026-06-23 (1).xlsx,adult toys,remote adult toys,Commercial,590,"1.00,0.07,0.25,0.37,0.07,0.37,0.31,0.31,0.25,0.31,0.31,0.46",29,"Sitelinks, Video"
adult-toys_broad-match_us_2026-06-23 (1).xlsx,adult toys,toy story costume adults,"Informational, Transactional",590,"0.02,0.03,0.06,0.18,0.00,1.00,0.05,0.05,0.00,0.05,0.03,0.05",15,"Sitelinks, Image, Image pack, Video, Related searches, Popular products"
adult-toys_broad-match_us_2026-06-23 (1).xlsx,adult toys,transformers toys for adults,Commercial,590,"0.04,0.02,0.03,0.05,0.04,0.05,0.24,0.44,1.00,0.20,0.08,0.07",29,"Sitelinks, AI Overview, Image pack, Video, Video carousel, People also ask, Related searches, Popular products, Ads bottom"
adult-toys_broad-match_us_2026-06-23 (1).xlsx,adult toys,adult toy advent calendar,Commercial,480,"0.02,0.02,0.02,0.03,0.02,0.10,0.05,1.00,0.08,0.01,0.00,0.00",20,"Sitelinks, People also ask"
adult-toys_broad-match_us_2026-06-23 (1).xlsx,adult toys,adult toy store tampa fl,Commercial,480,"0.04,0.81,1.00,0.06,0.45,0.62,0.05,0.08,0.08,0.10,0.04,0.10",24,"Sitelinks, Local pack, Related searches"
adult-toys_broad-match_us_2026-06-23 (1).xlsx,adult toys,adult toys for dogs,"Informational, Commercial",480,"0.00,0.00,0.00,0.06,0.45,0.81,0.81,1.00,0.81,0.81,0.62,0.62",23,"Sitelinks, AI Overview, Image, Image pack, Video, Discussions and forums"
adult-toys_broad-match_us_2026-06-23 (1).xlsx,adult toys,fidget toys for adults with anxiety,Informational,480,"0.20,0.20,0.24,0.16,0.55,0.55,0.55,0.67,1.00,0.24,0.45,0.30",20,"Sitelinks, AI Overview, Image, Video, Video carousel, People also ask, Discussions and forums, Related searches, Popular products"
adult-toys_broad-match_us_2026-06-23 (1).xlsx,adult toys,fun factory adult toys,Navigational,480,"0.48,0.39,0.39,0.39,1.00,0.59,0.59,0.48,0.39,0.48,0.48,0.48",21,"Sitelinks, Video"
adult-toys_broad-match_us_2026-06-23 (1).xlsx,adult toys,funnest toys for adults,Commercial,480,"0.36,0.36,0.36,0.30,0.30,0.30,0.36,0.55,1.00,0.24,0.20,0.00",16,"Sitelinks, AI Overview, Image, Video, Video carousel, Discussions and forums, Related searches, Popular products"
adult-toys_broad-match_us_2026-06-23 (1).xlsx,adult toys,infinity pillow adult toy,Informational,480,"1.00,0.80,0.60,0.00,0.00,0.00,0.20,0.40,0.20,0.00,0.00,0.00",26,"Sitelinks, Video, People also ask"
adult-toys_broad-match_us_2026-06-23 (1).xlsx,adult toys,spencers adult toys,Navigational,480,"0.54,0.54,0.54,0.81,1.00,0.81,0.81,0.81,1.00,0.66,0.54,0.54",26,"Sitelinks, Related searches"
adult-toys_broad-match_us_2026-06-23 (1).xlsx,adult toys,thrusting adult toy,Informational,480,"1.00,0.30,0.30,0.24,0.15,1.00,1.00,0.19,0.13,0.13,0.13,0.13",19,"Sitelinks, AI Overview"
adult-toys_broad-match_us_2026-06-23 (1).xlsx,adult toys,toy helicopter for adults,Commercial,480,"0.00,0.01,0.00,0.00,0.00,0.00,0.82,1.00,0.01,0.00,0.07,0.07",27,"Sitelinks, Image, Image pack, Video, Video carousel, People also ask, Related searches"
adult-toys_broad-match_us_2026-06-23 (1).xlsx,adult toys,toy story t shirt adults,Commercial,480,"0.24,0.45,0.06,1.00,0.24,0.67,0.67,0.20,0.16,0.36,0.30,0.55",18,"Sitelinks, Image pack, Related searches"
adult-toys_broad-match_us_2026-06-23 (1).xlsx,adult toys,adult fidget toy,Commercial,390,"0.67,0.54,0.54,0.54,0.09,0.28,0.17,0.43,0.54,1.00,0.09,0.07",20,"Sitelinks, Image, Image pack, Video, Video carousel, Related searches"
adult-toys_broad-match_us_2026-06-23 (1).xlsx,adult toys,adult toy story alien costume,"Informational, Commercial",390,"0.02,0.13,0.01,0.06,0.13,0.54,1.00,0.01,0.00,0.00,0.00,0.04",22,"Sitelinks, Image, Image pack, Video, Related searches, Popular products"
adult-toys_broad-match_us_2026-06-23 (1).xlsx,adult toys,adult toy story costume,"Informational, Commercial",390,"0.02,0.02,0.00,0.06,0.15,0.45,1.00,0.02,0.00,0.02,0.02,0.00",19,"Sitelinks, Image pack, Video, Related searches"
adult-toys_broad-match_us_2026-06-23 (1).xlsx,adult toys,fidget toy for adults,Commercial,390,"0.29,0.83,0.04,0.54,0.21,0.29,0.29,1.00,0.67,0.21,0.42,0.83",22,"Sitelinks, Image, Image pack, Video, Video carousel, People also ask, Related searches, Popular products"
adult-toys_broad-match_us_2026-06-23 (1).xlsx,adult toys,fun toys for adults,Commercial,390,"0.32,0.32,0.39,0.32,0.32,0.32,0.49,0.49,1.00,0.39,0.32,0.39",25,"Sitelinks, Image, Video, Related searches, Popular products"
adult-toys_broad-match_us_2026-06-23 (1).xlsx,adult toys,jessie toy story costume adults,Commercial,390,"0.06,0.06,0.06,0.10,0.13,0.69,1.00,0.13,0.06,0.06,0.06,0.06",22,"Sitelinks, Image, Image pack, Video, Video carousel, Related searches, Popular products"
adult-toys_broad-match_us_2026-06-23 (1).xlsx,adult toys,love toys adult supercenter,Informational,390,"0.44,0.54,0.66,0.44,1.00,0.44,0.44,0.54,0.66,0.81,0.19,0.66",26,"People also ask, Knowledge panel"
adult-toys_broad-match_us_2026-06-23 (1).xlsx,adult toys,pool toys for adults,"Informational, Commercial",390,"1.00,0.80,0.80,0.80,0.30,0.10,0.20,0.30,0.20,0.20,0.20,0.30",15,"Sitelinks, AI Overview, Image, Image pack, Video, Video carousel, Related searches, Popular products"
adult-toys_broad-match_us_2026-06-23 (1).xlsx,adult toys,sexxy toys & lingerie adult video stop,Informational,390,"0.19,0.81,0.66,0.23,0.19,0.66,0.81,1.00,0.81,0.81,0.81,1.00",21,"Sitelinks, Knowledge panel"
adult-toys_broad-match_us_2026-06-23 (1).xlsx,adult toys,stress relief toys for adults,Commercial,390,"0.66,0.66,0.66,0.66,1.00,0.66,0.81,0.81,1.00,0.43,0.43,1.00",19,"Sitelinks, AI Overview, Image, Video, Video carousel, Discussions and forums, Related searches"
adult-toys_broad-match_us_2026-06-23 (1).xlsx,adult toys,toy cars for adults,Commercial,390,"0.80,1.00,1.00,1.00,0.64,0.80,0.80,1.00,1.00,0.52,0.32,0.80",27,"Sitelinks, Image, Image pack, Video, Related searches"
adult-toys_broad-match_us_2026-06-23 (1).xlsx,adult toys,adult stress toys,Commercial,320,"0.36,0.09,0.67,0.54,0.28,0.36,0.44,1.00,0.67,0.28,0.44,0.36",15,"Sitelinks, Image, Video, Video carousel, Related searches, Popular products"
adult-toys_broad-match_us_2026-06-23 (1).xlsx,adult toys,adult swim toys,"Informational, Commercial",320,"1.00,0.60,0.60,0.38,0.13,0.10,0.06,0.15,0.10,0.10,0.04,0.10",20,"Sitelinks, Image, Image pack, Video, Related searches"
adult-toys_broad-match_us_2026-06-23 (1).xlsx,adult toys,adult toy storage box,Commercial,320,"1.00,0.53,0.81,1.00,0.81,0.67,0.81,0.81,1.00,1.00,0.81,0.67",22,Sitelinks
adult-toys_broad-match_us_2026-06-23 (1).xlsx,adult toys,adult toy store phoenix,Commercial,320,"0.08,0.01,1.00,0.13,0.30,0.04,0.24,0.16,0.24,0.10,0.10,0.20",29,"Sitelinks, Local pack"
adult-toys_broad-match_us_2026-06-23 (1).xlsx,adult toys,anxiety toys for adults,"Informational, Commercial",320,"0.29,0.36,0.29,0.23,0.19,0.19,0.29,0.36,0.36,0.29,0.23,1.00",15,"Sitelinks, AI Overview, Image, Video, Video carousel, People also ask, Discussions and forums, Related searches, Popular products"
adult-toys_broad-match_us_2026-06-23 (1).xlsx,adult toys,fidget toys for adults adhd,Informational,320,"0.22,0.81,0.54,0.54,0.66,0.81,0.81,0.81,1.00,0.35,0.29,0.35",15,"Sitelinks, AI Overview, Image, Video, Related searches, Popular products"
adult-toys_broad-match_us_2026-06-23 (1).xlsx,adult toys,fidget toys for anxiety adults,"Informational, Commercial",320,"0.10,0.29,0.23,0.54,0.44,0.23,0.29,0.23,0.44,1.00,0.36,0.44",15,"Sitelinks, AI Overview, Image, Video, Video carousel, Discussions and forums, Related searches, Popular products"
adult-toys_broad-match_us_2026-06-23 (1).xlsx,adult toys,njoy adult toys,Navigational,320,"0.09,0.66,0.44,0.44,0.66,0.12,0.66,0.54,0.81,1.00,0.54,0.66",17,Sitelinks
adult-toys_broad-match_us_2026-06-23 (1).xlsx,adult toys,plush adult toys,Commercial,320,"0.00,0.00,0.00,0.00,0.00,1.00,0.00,0.00,0.00,0.00,0.00,0.00",25,"Sitelinks, Local pack"
adult-toys_broad-match_us_2026-06-23 (1).xlsx,adult toys,snail toy adults,Commercial,320,"0.81,0.67,1.00,0.19,0.36,0.15,0.05,0.19,0.67,0.07,0.03,0.12",17,"Sitelinks, People also ask"
adult-toys_broad-match_us_2026-06-23 (1).xlsx,adult toys,sucking adult toy,Commercial,320,"0.07,1.00,0.17,0.39,0.08,0.13,0.21,0.26,0.59,0.17,0.17,0.26",27,Sitelinks
adult-toys_broad-match_us_2026-06-23 (1).xlsx,adult toys,temu adult toys,"Informational, Transactional",320,"0.24,0.15,0.11,0.17,0.28,0.43,1.00,0.43,0.35,0.35,0.28,0.35",21,Sitelinks
adult-toys_broad-match_us_2026-06-23 (1).xlsx,adult toys,toy story alien costume adult,"Informational, Commercial",320,"0.06,0.06,0.06,0.06,0.11,0.37,1.00,0.06,0.00,0.03,0.00,0.00",24,"Sitelinks, Image, Image pack, Video, People also ask, Related searches"
adult-toys_broad-match_us_2026-06-23 (1).xlsx,adult toys,toy story crocs adults,Transactional,320,"0.83,0.67,0.83,0.83,0.83,0.67,0.54,0.83,1.00,0.54,0.42,1.00",27,"Sitelinks, Image, Video, Related searches, Popular products"
adult-toys_broad-match_us_2026-06-23 (1).xlsx,adult toys,toy story little bo peep costume adults,"Informational, Commercial",320,"0.05,0.00,0.07,0.08,0.07,0.52,1.00,0.07,0.02,0.02,0.03,0.03",21,"Sitelinks, Image, Image pack, Video, Short videos, Related searches, Popular products"
adult-toys_broad-match_us_2026-06-23 (1).xlsx,adult toys,adhd toys for adults,Commercial,260,"0.11,0.15,0.23,0.44,0.54,0.54,0.67,0.81,1.00,0.36,0.23,0.44",15,"Sitelinks, AI Overview, Image, Video, Related searches"
adult-toys_broad-match_us_2026-06-23 (1).xlsx,adult toys,adult jessie costume toy story,Commercial,260,"0.00,0.00,0.00,0.00,0.22,1.00,0.81,0.06,0.00,0.08,0.00,0.00",15,"Sitelinks, Image, Image pack, Video, Video carousel, Short videos, Related searches"
adult-toys_broad-match_us_2026-06-23 (1).xlsx,adult toys,adult soft toy,Commercial,260,"0.00,0.00,1.00,0.00,0.00,0.00,0.00,0.00,0.00,0.00,0.81,0.00",25,"Sitelinks, Video, Video carousel, People also ask, Popular products"
adult-toys_broad-match_us_2026-06-23 (1).xlsx,adult toys,adult toy poodles,"Informational, Transactional",260,"0.00,0.06,0.04,0.06,0.25,0.06,0.10,0.08,0.10,1.00,0.04,0.04",25,"Sitelinks, AI Overview, Image, Video, Video carousel, People also ask, Related searches, Things to know"
adult-toys_broad-match_us_2026-06-23 (1).xlsx,adult toys,adult toy store milwaukee,Commercial,260,"0.44,0.67,0.36,0.11,0.28,0.22,1.00,0.14,0.22,0.17,0.22,0.36",18,"Sitelinks, Local pack, Related searches"
adult-toys_broad-match_us_2026-06-23 (1).xlsx,adult toys,adult toy store tyler tx,Commercial,260,"0.27,0.82,0.82,0.34,0.34,0.66,0.66,1.00,1.00,0.82,0.82,1.00",22,"People also ask, Local pack"
adult-toys_broad-match_us_2026-06-23 (1).xlsx,adult toys,adult toy story,Informational,260,"0.52,0.52,0.66,0.82,0.82,1.00,1.00,1.00,0.82,0.82,0.66,0.82",22,"Sitelinks, Image pack, Video, Video carousel, Short videos, Local pack, Discussions and forums, Related searches, Popular products"
adult-toys_broad-match_us_2026-06-23 (1).xlsx,adult toys,beach toys for adults,Commercial,260,"0.80,0.80,1.00,0.80,0.43,0.17,0.13,0.17,0.27,0.20,0.17,0.43",21,"Sitelinks, Image, Video, Related searches"
adult-toys_broad-match_us_2026-06-23 (1).xlsx,adult toys,cool desk toys for adults,Commercial,260,"0.67,0.35,0.29,0.44,0.55,0.35,0.55,0.55,1.00,0.35,0.35,0.35",18,"Sitelinks, AI Overview, Image, Image pack, Video, Video carousel, Discussions and forums, Related searches"
adult-toys_broad-match_us_2026-06-23 (1).xlsx,adult toys,desk toys for adults,Commercial,260,"0.29,0.18,0.18,0.24,0.15,0.18,0.36,0.65,1.00,0.36,0.29,0.24",17,"Sitelinks, AI Overview, Image, Video, Related searches, Popular products"
adult-toys_broad-match_us_2026-06-23 (1).xlsx,adult toys,doc johnson adult toys,Navigational,260,"1.00,1.00,0.82,0.82,0.82,1.00,1.00,0.82,0.65,0.82,1.00,0.82",22,Sitelinks
adult-toys_broad-match_us_2026-06-23 (1).xlsx,adult toys,dragon unicorn toy adult,Informational,260,"1.00,0.01,0.01,0.00,0.00,0.00,0.01,0.01,0.01,0.00,0.01,0.01",22,"Sitelinks, Image"
adult-toys_broad-match_us_2026-06-23 (1).xlsx,adult toys,interesting toys for adults,Commercial,260,"0.36,0.29,0.29,0.36,0.29,0.29,0.36,0.82,1.00,0.29,0.15,0.24",17,"Sitelinks, AI Overview, Image, Video, Video carousel, Discussions and forums, Related searches, Popular products"
adult-toys_broad-match_us_2026-06-23 (1).xlsx,adult toys,jack rabbit adult toy,Commercial,260,"0.54,1.00,0.83,1.00,0.33,0.83,1.00,0.42,0.67,0.42,0.42,0.33",26,Sitelinks
adult-toys_broad-match_us_2026-06-23 (1).xlsx,adult toys,lovense adult toy,Navigational,260,"0.11,1.00,0.26,0.11,0.21,0.13,0.11,0.13,0.11,0.13,0.07,0.00",18,Sitelinks
adult-toys_broad-match_us_2026-06-23 (1).xlsx,adult toys,mcdonalds adult happy meal toys,Informational,260,"0.00,0.00,0.00,0.00,0.00,0.00,0.00,0.00,0.00,0.00,0.00,0.00",24,"Sitelinks, AI Overview, Video, Video carousel, People also ask, Related searches"
adult-toys_broad-match_us_2026-06-23 (1).xlsx,adult toys,remote adult toy,Commercial,260,"0.02,1.00,0.07,0.04,0.03,0.02,0.03,0.03,0.03,0.03,0.02,0.02",27,Sitelinks
adult-toys_broad-match_us_2026-06-23 (1).xlsx,adult toys,sensory fidget toys for adults,"Informational, Commercial",260,"0.07,0.11,0.07,0.16,0.11,0.16,0.18,0.30,0.55,0.30,0.82,1.00",21,"Sitelinks, AI Overview, Video, Video carousel, Related searches, Popular products"
adult-toys_broad-match_us_2026-06-23 (1).xlsx,adult toys,the womanizer adult toy,Transactional,260,"0.13,0.24,0.06,1.00,0.06,0.13,0.13,0.13,0.20,0.16,0.10,0.20",22,Sitelinks
adult-toys_broad-match_us_2026-06-23 (1).xlsx,adult toys,toy story alien costume for adults,Commercial,260,"0.02,0.04,0.04,0.15,0.13,0.30,1.00,0.01,0.00,0.00,0.00,0.06",19,"Sitelinks, Image pack, Video, Video carousel, People also ask, Related searches"
adult-toys_broad-match_us_2026-06-23 (1).xlsx,adult toys,toy story halloween costumes adult,Commercial,260,"0.00,0.00,0.00,0.02,0.03,0.37,1.00,0.00,0.00,0.00,0.00,0.00",21,"Sitelinks, Image, Image pack, Video, Related searches"
adult-toys_broad-match_us_2026-06-23 (1).xlsx,adult toys,toy story jessie costume adult,Commercial,260,"0.00,0.01,0.01,0.02,0.05,0.31,1.00,0.03,0.01,0.00,0.00,0.00",21,"Sitelinks, Image pack, Video, Video carousel, Short videos"
adult-toys_broad-match_us_2026-06-23 (1).xlsx,adult toys,toy story rex costume adults,"Informational, Commercial",260,"0.05,0.06,0.06,0.08,0.24,0.55,1.00,0.06,0.03,0.03,0.03,0.03",21,"Sitelinks, Image, Image pack, Video, Related searches, Popular products"
adult-toys_broad-match_us_2026-06-23 (1).xlsx,adult toys,adhd fidget toys adults,Commercial,210,"0.42,0.53,0.64,0.64,0.64,0.64,0.81,1.00,1.00,0.64,0.53,0.53",15,"Sitelinks, AI Overview, Image, Video, Related searches"
adult-toys_broad-match_us_2026-06-23 (1).xlsx,adult toys,adult ride on toys,Transactional,210,"0.27,0.33,0.33,0.43,0.67,0.53,0.67,1.00,1.00,0.43,0.43,0.53",21,"Sitelinks, Image, Image pack, Video, Video carousel, Related searches"
adult-toys_broad-match_us_2026-06-23 (1).xlsx,adult toys,adult toy delivery,Commercial,210,"0.43,0.43,0.43,0.53,0.82,0.53,0.82,0.66,0.82,0.66,0.66,1.00",24,"Sitelinks, Local pack"
adult-toys_broad-match_us_2026-06-23 (1).xlsx,adult toys,adult toy machine,"Informational, Commercial",210,"0.65,0.65,0.54,0.42,1.00,0.81,0.81,1.00,1.00,1.00,0.81,1.00",18,Sitelinks
adult-toys_broad-match_us_2026-06-23 (1).xlsx,adult toys,adult toy store columbia sc,Commercial,210,"0.20,0.33,1.00,0.33,0.33,0.80,0.20,0.10,0.17,0.17,0.10,0.20",24,"Sitelinks, Local pack, Related searches"
adult-toys_broad-match_us_2026-06-23.xlsx,adult toys,adam and eve adult toys,Navigational,2400,"0.83,1.00,0.83,1.00,1.00,0.83,1.00,1.00,1.00,0.83,0.45,0.66",44,Sitelinks
adult-toys_broad-match_us_2026-06-23.xlsx,adult toys,adam & eve adult toys,Navigational,1900,"0.12,0.20,0.09,0.54,0.10,1.00,0.09,0.10,0.16,0.16,0.16,0.12",42,"Sitelinks, Local pack"
adult-toys_broad-match_us_2026-06-23.xlsx,adult toys,target adult toys,Navigational,1900,"0.82,1.00,0.55,0.44,0.65,0.82,0.65,0.65,0.65,0.65,0.34,0.82",33,"Sitelinks, Image pack, Related searches"
adult-toys_broad-match_us_2026-06-23.xlsx,adult toys,adult happy meal toys,Informational,1600,"0.67,0.00,0.00,0.00,1.00,0.00,0.00,0.00,0.33,0.00,0.00,0.00",46,"Sitelinks, AI Overview, Video, Video carousel, People also ask, Related searches, Popular products"
adult-toys_broad-match_us_2026-06-23.xlsx,adult toys,amazon adult toys,"Navigational, Transactional",1600,"0.68,0.84,0.46,0.84,0.68,0.68,0.52,1.00,1.00,0.84,0.68,0.84",39,"Sitelinks, Video, Related searches"
adult-toys_broad-match_us_2026-06-23.xlsx,adult toys,mcdonald's adult happy meal toys,Commercial,1600,"0.70,0.00,0.00,0.00,1.00,0.10,0.00,0.00,0.10,0.00,0.00,0.00",37,"Image pack, Video, Video carousel, People also ask, Related searches, Popular products"
adult-toys_broad-match_us_2026-06-23.xlsx,adult toys,adult fidget toys,Commercial,1300,"0.41,0.41,0.41,0.41,0.41,0.55,1.00,0.66,0.66,0.36,0.41,0.55",31,"Sitelinks, Image, Video, Related searches, Popular products"
adult-toys_broad-match_us_2026-06-23.xlsx,adult toys,lelo adult toys,"Informational, Transactional",1300,"0.34,0.34,0.34,0.45,1.00,0.65,0.65,0.55,0.65,0.30,0.65,0.45",32,Sitelinks
adult-toys_broad-match_us_2026-06-23.xlsx,adult toys,adult toys being used as malware,Informational,1000,"1.00,0.00,0.00,0.00,0.01",33,"Sitelinks, AI Overview, Video, Video carousel, People also ask, Discussions and forums"
adult-toys_broad-match_us_2026-06-23.xlsx,adult toys,kinky adult toys,Informational,1000,"0.53,0.53,0.26,0.63,1.00,0.53,0.53,0.42,0.84,1.00,0.63,1.00",45,Sitelinks
adult-toys_broad-match_us_2026-06-23.xlsx,adult toys,magic wand adult toy,Commercial,1000,"0.62,0.62,0.55,0.45,0.30,0.62,0.82,0.62,1.00,0.82,0.82,0.55",44,"Sitelinks, Related searches"
adult-toys_broad-match_us_2026-06-23.xlsx,adult toys,nearest adult toy store,Commercial,1000,"1.00,0.41,0.02,0.05,0.55,0.20,0.11,0.15,0.12,0.11,0.30,0.41",49,Local pack
adult-toys_broad-match_us_2026-06-23.xlsx,adult toys,bullet adult toy,Commercial,880,"0.20,0.13,0.13,1.00,0.08,0.10,0.20,0.13,0.08,0.13,0.10,0.13",32,"Sitelinks, People also ask"
adult-toys_broad-match_us_2026-06-23.xlsx,adult toys,lush adult toy,Informational,880,"0.46,0.20,0.38,0.38,0.38,0.84,0.52,0.38,0.30,1.00,0.30,0.30",34,
adult-toys_broad-match_us_2026-06-23.xlsx,adult toys,walmart adult toys,"Navigational, Transactional",880,"1.00,0.83,0.08,0.30,0.13,0.19,0.55,0.06,0.15,0.06,0.09,0.34",38,"Sitelinks, Image, Image pack, Video, People also ask, Related searches, Popular products"
adult-toys_broad-match_us_2026-06-23.xlsx,adult toys,walgreens adult toys,"Navigational, Transactional",720,"0.89,1.00,0.89,0.89,0.73,0.73,0.73,0.73,0.58,0.58,0.58,0.73",33,"Sitelinks, Related searches"
adult-toys_broad-match_us_2026-06-23.xlsx,adult toys,adult toys cvs,Navigational,590,"0.30,0.56,1.00,0.77,0.68,0.06,0.25,0.06,0.37,0.25,0.16,0.77",36,"Sitelinks, Related searches"
adult-toys_broad-match_us_2026-06-23.xlsx,adult toys,long distance adult toys,Commercial,590,"0.05,0.08,0.05,0.05,0.05,0.03,0.03,0.05,0.05,1.00,0.05,0.05",35,Sitelinks
adult-toys_broad-match_us_2026-06-23.xlsx,adult toys,the rose adult toy,Informational,590,"1.00,0.20,0.50,0.20,0.25,0.65,1.00,0.80,1.00,1.00,0.80,0.50",44,"Sitelinks, People also ask, Discussions and forums, Related searches"
adult-toys_broad-match_us_2026-06-23.xlsx,adult toys,adult pool toys,Commercial,480,"0.47,0.47,1.00,0.37,0.19,0.05,0.02,0.05,0.12,0.02,0.05,0.16",31,"Sitelinks, Image, Video, Related searches, Popular products"
adult-toys_broad-match_us_2026-06-23.xlsx,adult toys,adult toys atlanta,Commercial,480,"0.02,0.02,0.02,0.02,0.03,0.02,0.01,0.01,0.55,1.00,0.01,0.02",33,"Sitelinks, People also ask, Local pack, Related searches"
adult-toys_broad-match_us_2026-06-23.xlsx,adult toys,cvs adult toys,Navigational,480,"0.39,0.32,0.59,1.00,0.48,0.39,0.72,0.59,0.48,0.39,1.00,0.48",48,"Sitelinks, Related searches"
adult-toys_broad-match_us_2026-06-23.xlsx,adult toys,adult happy meal minecraft toys,"Informational, Commercial",390,"1.00,0.02,0.00,0.00,0.00,0.00,0.00,0.00,0.00,0.00,0.00,0.00",34,"Sitelinks, Image, Image pack, Video, Video carousel, Short videos, People also ask, Discussions and forums, Related searches, Popular products"
adult-toys_broad-match_us_2026-06-23.xlsx,adult toys,adult sex toy store near me,Transactional,390,"0.66,0.66,0.54,0.66,1.00,0.81,0.81,0.81,0.81,0.81,0.81,0.66",49,"Sitelinks, AI Overview, People also ask, Local pack"
adult-toys_broad-match_us_2026-06-23.xlsx,adult toys,adult toy store san antonio,Commercial,390,"0.04,0.67,0.07,0.30,1.00,0.07,0.19,0.37,0.30,0.15,0.13,0.30",35,"Sitelinks, Local pack, Related searches"
adult-toys_broad-match_us_2026-06-23.xlsx,adult toys,adult toy store seattle,Commercial,390,"0.15,0.24,0.19,0.07,0.15,1.00,0.15,0.07,0.07,0.06,0.07,0.13",31,"Sitelinks, Local pack"
adult-toys_broad-match_us_2026-06-23.xlsx,adult toys,adult toys las vegas,Commercial,390,"0.24,0.44,0.29,0.65,0.65,0.82,1.00,0.65,0.82,0.82,1.00,0.82",35,"Sitelinks, Video, People also ask, Local pack, Discussions and forums"
adult-toys_broad-match_us_2026-06-23.xlsx,adult toys,minecraft adult meal toys,"Informational, Commercial",390,"1.00,0.02,0.00,0.01,0.00,0.00,0.00,0.00,0.00,0.00,0.00,0.00",35,"Sitelinks, Image, Image pack, Video, Video carousel, Short videos, People also ask, Discussions and forums, Related searches, Popular products"
adult-toys_broad-match_us_2026-06-23.xlsx,adult toys,pink rabbit adult toy,Commercial,390,"0.82,1.00,0.55,0.82,0.55,0.09,0.11,0.36,0.44,0.36,0.18,0.36",32,Sitelinks
adult-toys_broad-match_us_2026-06-23.xlsx,adult toys,satisfyer adult toy,Navigational,390,"0.10,0.67,0.81,0.36,0.19,0.54,0.67,0.23,0.44,0.29,0.44,1.00",32,Sitelinks
adult-toys_broad-match_us_2026-06-23.xlsx,adult toys,vr adult toys,"Informational, Commercial",390,"0.05,1.00,0.12,0.30,0.05,0.12,0.16,0.44,0.25,0.16,0.12,0.25",30,Sitelinks
adult-toys_broad-match_us_2026-06-23.xlsx,adult toys,adam and eve adult toy,Navigational,320,"0.17,0.39,0.12,1.00,0.20,0.12,0.20,0.20,0.20,0.49,0.39,0.12",41,Sitelinks
adult-toys_broad-match_us_2026-06-23.xlsx,adult toys,adult toys amazon,"Navigational, Transactional",320,"0.02,0.11,0.55,0.11,0.15,1.00,0.44,0.55,1.00,0.65,0.82,0.82",38,"Sitelinks, Video, Related searches"
adult-toys_broad-match_us_2026-06-23.xlsx,adult toys,adult toys orlando,Commercial,320,"0.03,0.02,0.02,0.02,0.03,0.02,1.00,0.30,0.03,0.02,0.02,0.04",41,"Sitelinks, Video, Local pack, Related searches"
adult-toys_broad-match_us_2026-06-23.xlsx,adult toys,hustler adult toy store,Navigational,320,"0.04,0.17,0.88,0.13,0.72,0.21,0.13,0.08,0.07,1.00,0.26,0.32",44,"Sitelinks, Image, Video, Local pack"
adult-toys_broad-match_us_2026-06-23.xlsx,adult toys,lelo adult toy,"Informational, Transactional",320,"0.29,1.00,0.66,0.19,0.44,0.23,0.06,0.29,0.29,0.36,0.81,0.36",41,Sitelinks
adult-toys_broad-match_us_2026-06-23.xlsx,adult toys,mcdonalds minecraft adult meal toys,Commercial,320,"1.00,0.01,0.00,0.00,0.00,0.00,0.00,0.00,0.00,0.00,0.00,0.00",39,"Sitelinks, Image, Image pack, Video, Video carousel, People also ask, Discussions and forums, Related searches, Popular products"
adult-toys_broad-match_us_2026-06-23.xlsx,adult toys,strap on adult toys,Commercial,320,"1.00,0.83,0.28,0.08,1.00,0.83,1.00,0.83,0.83,0.67,0.67,0.67",31,Sitelinks
adult-toys_broad-match_us_2026-06-23.xlsx,adult toys,we vibe adult toy,"Navigational, Transactional",320,"1.00,1.00,0.82,0.82,0.67,0.42,0.82,0.53,0.67,0.42,0.35,0.53",31,Sitelinks
adult-toys_broad-match_us_2026-06-23.xlsx,adult toys,adult minecraft happy meal toys,"Informational, Commercial",260,"1.00,0.05,0.00,0.01,0.00,0.00,0.00,0.00,0.00,0.00,0.00,0.00",42,"Sitelinks, Image, Image pack, Video, Video carousel, Short videos, People also ask, Related searches, Popular products"
adult-toys_broad-match_us_2026-06-23.xlsx,adult toys,adult toy store chicago,Commercial,260,"0.81,0.53,0.53,0.43,1.00,0.67,0.81,0.81,1.00,1.00,1.00,1.00",35,"Sitelinks, Local pack, Related searches"
adult-toys_broad-match_us_2026-06-23.xlsx,adult toys,adult toys for him and her,Commercial,260,"0.17,0.67,0.20,0.43,0.27,0.27,1.00,0.20,0.67,0.53,0.33,1.00",48,"Sitelinks, AI Overview"
adult-toys_broad-match_us_2026-06-23.xlsx,adult toys,amazon com adult toys,"Navigational, Transactional",260,"0.00,0.00,0.00,0.00,0.03,1.00,0.00,0.01,0.01,0.02,0.01,0.01",37,"Sitelinks, Video, Video carousel, Related searches"
adult-toys_broad-match_us_2026-06-23.xlsx,adult toys,babeland adult toys,Navigational,260,"0.02,0.02,0.02,0.02,0.02,0.11,0.11,0.07,0.39,1.00,0.59,0.48",40,Local pack
adult-toys_broad-match_us_2026-06-23.xlsx,adult toys,couples adult toys,Commercial,260,"0.43,0.81,1.00,1.00,0.81,0.29,0.54,0.43,0.35,0.43,0.35,0.35",35,"Sitelinks, Local pack"
adult-toys_broad-match_us_2026-06-23.xlsx,adult toys,dragon adult toys,Informational,260,"0.66,0.53,0.53,0.66,0.28,0.66,0.66,0.82,0.82,1.00,0.53,0.66",30,Sitelinks
adult-toys_broad-match_us_2026-06-23.xlsx,adult toys,mcdonald's adult happy meal toy,"Informational, Commercial",260,"1.00,0.00,0.00,0.00,0.79,0.13,0.00,0.00,0.04,0.00,0.04,0.13",30,"Sitelinks, AI Overview, Video, Video carousel, People also ask, Related searches, Popular products"
adult-toys_broad-match_us_2026-06-23.xlsx,adult toys,mcdonalds adult minecraft meal toys,Commercial,260,"1.00,0.02,0.00,0.01,0.00,0.00,0.00,0.00,0.00,0.00,0.00,0.00",36,"Image, Image pack, Video, Video carousel, People also ask, Related searches, Popular products"
adult-toys_broad-match_us_2026-06-23.xlsx,adult toys,transformer toys for adults,"Informational, Commercial",260,"0.01,0.01,0.01,0.03,0.05,0.01,0.30,0.45,1.00,0.45,0.10,0.08",32,"Sitelinks, AI Overview, Image, Image pack, Video, Video carousel, People also ask, Discussions and forums, Related searches, Popular products"
adult-toys_broad-match_us_2026-06-23.xlsx,adult toys,adam & eve adult toy store,Navigational,210,"0.55,1.00,0.24,0.00,0.00,0.00,0.00,0.01,0.00,0.00,0.00,0.00",48,"Sitelinks, Local pack, Related searches, Ads top, Ads middle"
adult-toys_broad-match_us_2026-06-23.xlsx,adult toys,adult couple toys,Commercial,210,"0.28,0.44,0.44,0.44,1.00,0.56,0.67,0.44,0.44,0.67,1.00,1.00",45,"Sitelinks, Local pack"
adult-toys_broad-match_us_2026-06-23.xlsx,adult toys,adult couples toys,Informational,210,"0.19,0.15,0.28,0.23,1.00,0.36,0.19,0.44,0.36,0.54,1.00,0.81",45,"Sitelinks, Knowledge panel"
adult-toys_broad-match_us_2026-06-23.xlsx,adult toys,adult toy gif,Commercial,210,"0.43,0.43,0.65,0.81,0.81,0.53,0.53,1.00,0.81,0.65,0.53,0.65",38,Sitelinks
adult-toys_broad-match_us_2026-06-23.xlsx,adult toys,adult toy poodle size,Informational,210,"0.29,0.29,0.43,0.04,0.22,0.43,1.00,0.81,0.22,1.00,0.81,0.35",31,"Sitelinks, AI Overview, Image pack, Video, Video carousel, Short videos, People also ask, Related searches"
adult-toys_broad-match_us_2026-06-23.xlsx,adult toys,adult toy rose,Informational,210,"0.36,0.54,0.18,1.00,0.28,0.28,0.54,0.67,0.67,1.00,0.67,0.54",44,"Sitelinks, Video, People also ask, Related searches"
adult-toys_broad-match_us_2026-06-23.xlsx,adult toys,adult toy store nearby,Transactional,210,"0.03,0.06,0.06,1.00,0.10,0.10,0.06,0.08,0.10,0.08,0.06,0.06",49,"Sitelinks, Video, People also ask, Local pack"
adult-toys_broad-match_us_2026-06-23.xlsx,adult toys,adult toys bdsm,Informational,210,"0.01,1.00,0.03,0.03,0.36,0.00,0.03,0.20,0.02,0.03,0.02,0.05",49,Sitelinks
adult-toys_broad-match_us_2026-06-23.xlsx,adult toys,adult toys fast delivery,Commercial,210,"0.28,0.53,0.43,0.23,0.35,0.35,0.53,1.00,0.82,0.82,0.53,0.82",43,"Sitelinks, AI Overview, Ads top, Ads middle"
adult-toys_broad-match_us_2026-06-23.xlsx,adult toys,adult toys target,Navigational,210,"0.30,0.30,0.70,0.70,1.00,0.20,0.20,0.80,0.10,0.30,0.20,0.40",33,"Sitelinks, Related searches"
adult-toys_broad-match_us_2026-06-23.xlsx,adult toys,amazon adult toy,"Navigational, Transactional",210,"0.25,0.88,1.00,0.88,0.13,0.50,0.63,0.88,1.00,0.50,0.38,0.63",39,Sitelinks
adult-toys_broad-match_us_2026-06-23.xlsx,adult toys,best adult toys for men,Commercial,210,"0.80,0.80,0.80,1.00,0.80,0.65,1.00,0.80,0.80,1.00,0.80,0.80",35,"Sitelinks, AI Overview"
adult-toys_broad-match_us_2026-06-23.xlsx,adult toys,best male adult toys,Commercial,210,"0.80,0.80,0.80,0.80,1.00,0.80,1.00,0.80,1.00,1.00,1.00,0.65",40,Sitelinks
adult-toys_broad-match_us_2026-06-23.xlsx,adult toys,closest adult toy store,Commercial,210,"0.44,1.00,0.20,0.64,0.28,0.32,0.64,0.32,0.44,0.32,0.64,0.44",32,"Video, Local pack"
adult-toys_broad-match_us_2026-06-23.xlsx,adult toys,female adult toy,Commercial,210,"0.05,0.04,0.08,0.05,1.00,0.03,0.03,0.04,0.03,0.05,1.00,0.04",47,Sitelinks
adult-toys_broad-match_us_2026-06-23.xlsx,adult toys,magnetic fidget toys for adults,"Informational, Commercial",210,"0.14,0.14,1.00,0.43,0.54,0.54,0.29,0.43,0.43,0.29,0.18,0.22",31,"Sitelinks, AI Overview, Image, Video, Video carousel, People also ask, Discussions and forums, Related searches, Popular products"
adult-toys_broad-match_us_2026-06-23.xlsx,adult toys,rc toys for adults,Commercial,210,"0.18,0.28,0.23,0.28,0.28,0.18,0.23,0.66,1.00,0.35,0.18,0.28",40,"Sitelinks, Image, Video, Video carousel, Local pack, Discussions and forums, Related searches, Popular products"
adult-toys_broad-match_us_2026-06-23.xlsx,adult toys,the rose adult toys,"Informational, Commercial",210,"0.00,1.00,0.00,0.19,0.31,0.31,0.00,0.19,0.00,0.19,0.13,0.25",33,"Sitelinks, Related searches"
adult-toys_broad-match_us_2026-06-23.xlsx,adult toys,adam eve adult toy,Navigational,170,"0.01,1.00,0.01,0.06,0.16,0.10,0.00,0.00,0.00,0.00,0.13,0.05",35,"Sitelinks, Local pack"
adult-toys_broad-match_us_2026-06-23.xlsx,adult toys,adult cat toys,Commercial,170,"0.65,0.53,0.80,0.65,1.00,0.80,0.53,0.65,0.65,0.42,0.42,0.42",38,"Sitelinks, Image, Video, Discussions and forums, Related searches, Popular products"
adult-toys_broad-match_us_2026-06-23.xlsx,adult toys,adult toy box subscription,Informational,170,"0.42,0.80,0.65,0.53,0.42,0.53,0.65,1.00,1.00,1.00,0.80,0.80",31,Sitelinks
adult-toys_broad-match_us_2026-06-23.xlsx,adult toys,adult toy store dallas,Commercial,170,"0.42,0.65,0.65,0.80,0.80,1.00,0.65,1.00,1.00,0.65,0.80,0.65",47,"Sitelinks, Video, Local pack, Related searches"
adult-toys_broad-match_us_2026-06-23.xlsx,adult toys,adult toy store las vegas,Commercial,170,"0.66,0.66,1.00,0.66,1.00,1.00,1.00,0.66,0.51,0.66,0.80,0.66",34,"Sitelinks, Local pack, Related searches"
adult-toys_broad-match_us_2026-06-23.xlsx,adult toys,adult toy store vegas,Commercial,170,"1.00,0.33,0.53,0.53,0.53,1.00,0.82,0.44,0.53,0.65,0.33,0.65",34,"Sitelinks, Video, Local pack, Related searches"
adult-toys_broad-match_us_2026-06-23.xlsx,adult toys,adult toys denver,Commercial,170,"0.05,0.05,0.04,0.04,0.07,0.07,0.01,0.07,0.10,0.01,0.01,1.00",42,"Sitelinks, Local pack"
adult-toys_broad-match_us_2026-06-23.xlsx,adult toys,adult toys denver co,Commercial,170,"0.05,0.05,0.05,0.03,0.08,0.08,0.01,0.08,0.10,0.01,0.01,1.00",38,"Sitelinks, Local pack"
adult-toys_broad-match_us_2026-06-23.xlsx,adult toys,adult toys prostate massager,Commercial,170,"0.22,0.66,1.00,1.00,0.14,0.29,0.14,0.10,0.10,0.14,0.14,0.14",31,"Sitelinks, Ads top, Ads middle"
adult-toys_broad-match_us_2026-06-23.xlsx,adult toys,auckland adult toy dhop,Commercial,170,"0.34,0.80,1.00,0.00,0.00,0.00",45,Local pack
adult-toys_broad-match_us_2026-06-23.xlsx,adult toys,best adult toys for couples,Commercial,170,"0.79,0.66,0.79,0.66,0.79,0.66,1.00,0.79,0.79,0.79,0.52,0.52",33,Sitelinks
adult-toys_broad-match_us_2026-06-23.xlsx,adult toys,discrete adult toys,Commercial,170,"0.44,0.18,0.23,0.28,0.23,0.18,0.11,0.15,1.00,0.15,0.54,0.23",31,"Sitelinks, Local pack"
adult-toys_broad-match_us_2026-06-23.xlsx,adult toys,how to clean adult toys,Informational,170,"0.53,0.53,0.43,0.53,0.65,0.43,0.43,0.53,0.53,1.00,0.43,0.43",37,"Sitelinks, AI Overview, People also ask"
adult-toys_broad-match_us_2026-06-23.xlsx,adult toys,hustler adult toys,"Informational, Navigational",170,"0.53,0.65,0.65,0.53,1.00,0.80,0.80,0.80,1.00,0.65,0.53,0.65",40,Sitelinks
adult-toys_broad-match_us_2026-06-23.xlsx,adult toys,images of adult toys,Commercial,170,"0.43,0.54,0.43,0.22,0.28,0.28,0.19,0.14,0.22,1.00,0.54,0.54",43,"Sitelinks, Video"
adult-toys_broad-match_us_2026-06-23.xlsx,adult toys,minecraft adult toys,Informational,170,"1.00,0.03,0.01,0.01,0.01,0.01,0.01,0.01,0.01,0.01,0.01,0.01",34,"Sitelinks, Image, Image pack, Video, Video carousel, People also ask, Related searches"
adult-toys_broad-match_us_2026-06-23.xlsx,adult toys,wand adult toy,Commercial,170,"0.80,0.66,0.66,1.00,1.00,0.66,0.52,1.00,0.80,0.80,0.66,1.00",36,"Sitelinks, Related searches"
adult-toys_broad-match_us_2026-06-23.xlsx,adult toys,adult toy porn,Informational,140,"0.05,0.06,0.11,0.05,0.35,0.28,0.44,0.54,0.66,0.54,0.35,1.00",33,
adult-toys_broad-match_us_2026-06-23.xlsx,adult toys,adult toy subscription box,Commercial,140,"1.00,1.00,0.82,1.00,0.52,0.66,0.82,0.23,0.43,0.43,0.43,0.43",46,"Sitelinks, Video, Related searches"
adult-toys_broad-match_us_2026-06-23.xlsx,adult toys,adult toys and videos,"Informational, Commercial",140,"0.53,1.00,0.41,0.83,0.65,0.53,1.00,0.65,0.83,0.53,0.41,0.65",44,Sitelinks
adult-toys_broad-match_us_2026-06-23.xlsx,adult toys,adult toys for married couples,Commercial,140,"0.33,0.27,0.53,0.21,0.53,0.44,0.44,0.44,1.00,0.53,0.44,0.53",49,Sitelinks
adult-toys_broad-match_us_2026-06-23.xlsx,adult toys,adult toys magic wand,Commercial,140,"1.00,1.00,0.33,0.80,0.80,0.66,0.66,0.66,0.80,0.52,0.52,0.52",45,Sitelinks
adult-toys_broad-match_us_2026-06-23.xlsx,adult toys,adult toys porn,Informational,140,"0.06,0.11,0.05,0.11,0.08,0.03,0.11,0.23,1.00,0.15,0.44,0.23",36,
adult-toys_broad-match_us_2026-06-23.xlsx,adult toys,anal adult toy,Commercial,140,"0.03,0.11,0.01,0.17,1.00,0.11,0.05,0.07,0.02,0.17,0.04,0.07",30,Sitelinks
adult-toys_broad-match_us_2026-06-23.xlsx,adult toys,closest adult toy store near me,Transactional,140,"0.43,0.43,0.66,0.32,0.82,0.52,1.00,0.66,0.66,0.52,0.43,0.82",45,"Sitelinks, Local pack, Related searches"
adult-toys_broad-match_us_2026-06-23.xlsx,adult toys,gun toys for adults,Commercial,140,"0.40,0.30,0.80,0.15,0.50,0.50,0.80,0.40,1.00,0.40,0.25,0.40",31,"Sitelinks, Image, Image pack, Video, Video carousel, People also ask, Discussions and forums, Related searches"
adult-toys_broad-match_us_2026-06-23.xlsx,adult toys,harry styles adult toys,Informational,140,"0.00,0.00,0.00,1.00,0.21,0.09,0.04,0.04,0.02,0.03,0.02,0.02",37,"Image, Video, Related searches"
adult-toys_broad-match_us_2026-06-23.xlsx,adult toys,homemade adult toys,Commercial,140,"0.83,0.65,0.83,0.83,0.83,0.53,0.65,0.65,1.00,0.83,0.83,0.83",34,"Sitelinks, AI Overview, Video"
adult-toys_broad-match_us_2026-06-23.xlsx,adult toys,love toys adult novelties,Commercial,140,"0.29,0.29,0.29,0.43,0.14,0.43,0.29,0.29,0.29,1.00,0.29,0.29",37,"Sitelinks, Local pack"
adult-toys_broad-match_us_2026-06-23.xlsx,adult toys,lovehoney adult toys,Navigational,140,"0.21,0.34,1.00,0.34,0.15,0.34,0.28,0.28,0.81,0.81,0.65,0.43",32,Sitelinks
adult-toys_broad-match_us_2026-06-23.xlsx,adult toys,mcdonalds minecraft toys adult,Commercial,140,"1.00,0.03,0.01,0.01,0.01,0.01,0.01,0.01,0.01,0.01,0.01,0.01",34,"Sitelinks, AI Overview, Image, Image pack, Video, Video carousel, Short videos, People also ask, Related searches, Popular products"
adult-toys_broad-match_us_2026-06-23.xlsx,adult toys,plug adult toy,Commercial,140,"0.65,0.81,0.53,0.28,0.43,0.65,0.65,0.15,0.12,1.00,0.65,1.00",46,"Sitelinks, People also ask, Related searches"
adult-toys_broad-match_us_2026-06-23.xlsx,adult toys,starship adult toys,Navigational,140,"0.43,0.43,0.23,0.43,0.53,0.35,0.35,0.35,0.35,0.35,0.35,1.00",31,"Sitelinks, Local pack, Related searches"
anal-toys-for-beginners_broad-match_us_2026-06-23.xlsx,anal toys for beginners,anal toys for beginners,Informational,590,"1.00,0.65,0.82,0.55,0.44,0.55,0.65,0.65,0.55,0.55,0.55,0.65",26,"Sitelinks, AI Overview"
anal-toys-for-beginners_broad-match_us_2026-06-23.xlsx,anal toys for beginners,best anal toys for beginners,Commercial,210,"0.65,0.53,0.81,0.65,0.65,0.81,1.00,0.81,0.65,0.53,0.53,0.53",25,"Sitelinks, AI Overview"
body-safe-sex-toys_broad-match_us_2026-06-23.xlsx,body safe sex toys,body safe glass sex toys made of,Informational,720,"1.00,0.00,0.00,0.00,0.00",14,"Sitelinks, AI Overview, People also ask"
body-safe-sex-toys_broad-match_us_2026-06-23.xlsx,body safe sex toys,body safe sex toys,Informational,210,"0.80,0.65,0.65,0.80,1.00,0.80,0.80,1.00,0.53,0.65,0.53,0.26",29,"Sitelinks, AI Overview"
bullet-vibrator_broad-match_us_2026-06-23.xlsx,bullet vibrator,bullet vibrator,Commercial,14800,"0.81,0.81,1.00,0.81,0.81,0.81,0.81,0.81,1.00,1.00,0.81,0.81",32,"Sitelinks, Related searches"
bullet-vibrator_broad-match_us_2026-06-23.xlsx,bullet vibrator,bullet vibrators,Commercial,1900,"0.66,1.00,0.66,0.80,0.80,0.66,0.66,0.80,0.80,0.80,0.66,0.66",35,"Sitelinks, Related searches"
bullet-vibrator_broad-match_us_2026-06-23.xlsx,bullet vibrator,plus one vibrating bullet,Informational,1900,"0.66,0.52,0.52,0.44,0.44,0.44,0.36,0.36,0.52,0.44,1.00,1.00",46,"Video, People also ask, Related searches"
bullet-vibrator_broad-match_us_2026-06-23.xlsx,bullet vibrator,vibrating bullet,Informational,1900,"0.70,0.70,0.70,0.70,0.70,0.50,0.50,0.70,0.70,0.70,1.00,0.70",21,"Sitelinks, AI Overview, Video, People also ask, Related searches"
bullet-vibrator_broad-match_us_2026-06-23.xlsx,bullet vibrator,best bullet vibrator,Commercial,1600,"0.69,0.69,0.69,0.85,0.85,0.85,0.85,0.69,0.69,0.69,0.85,1.00",27,"Sitelinks, AI Overview"
bullet-vibrator_broad-match_us_2026-06-23.xlsx,bullet vibrator,vibrator bullet,Commercial,1300,"0.24,0.24,1.00,0.24,0.24,0.24,0.24,0.52,0.36,0.27,0.24,0.24",29,"Sitelinks, People also ask, Related searches"
bullet-vibrator_broad-match_us_2026-06-23.xlsx,bullet vibrator,how to use a bullet vibrator,Informational,1000,"0.75,0.75,0.75,0.75,0.75,0.67,0.75,0.75,1.00,1.00,0.75,0.75",25,People also ask
bullet-vibrator_broad-match_us_2026-06-23.xlsx,bullet vibrator,plus one vibrating super bullet,Informational,1000,"0.01,0.07,0.16,0.36,0.36,0.24,0.20,0.66,0.66,0.54,1.00,1.00",27,"People also ask, Related searches"
bullet-vibrator_broad-match_us_2026-06-23.xlsx,bullet vibrator,silver bullet vibrator,Informational,1000,"0.83,0.83,0.83,0.83,1.00,0.67,0.83,0.83,0.83,1.00,1.00,0.83",17,Sitelinks
bullet-vibrator_broad-match_us_2026-06-23.xlsx,bullet vibrator,bullet vibrater,Commercial,880,"0.06,0.13,0.19,0.31,0.25,0.13,0.06,0.13,0.19,0.13,0.19,1.00",30,"Sitelinks, People also ask"
bullet-vibrator_broad-match_us_2026-06-23.xlsx,bullet vibrator,bullet vibration,Commercial,720,"1.00,1.00,0.12,0.15,0.06,0.05,0.05,0.12,0.12,0.24,0.05,0.20",36,"Sitelinks, Image, Image pack, Video carousel, Related searches, Popular products"
bullet-vibrator_broad-match_us_2026-06-23.xlsx,bullet vibrator,bullet vibrator for women,Commercial,720,"0.10,0.10,0.13,0.10,0.76,1.00,0.76,0.10,1.00,1.00,1.00,1.00",17,"Sitelinks, Related searches"
bullet-vibrator_broad-match_us_2026-06-23.xlsx,bullet vibrator,plusone vibrating bullet,"Informational, Transactional",720,"0.46,0.37,0.46,0.37,0.76,0.54,0.54,0.46,0.76,0.68,0.76,1.00",45,"Sitelinks, Video, Related searches"
bullet-vibrator_broad-match_us_2026-06-23.xlsx,bullet vibrator,how to use bullet vibrator,Informational,590,"0.83,0.83,0.83,1.00,0.83,0.83,0.83,0.83,1.00,1.00,0.83,0.83",17,Sitelinks
bullet-vibrator_broad-match_us_2026-06-23.xlsx,bullet vibrator,mini bullet vibrator,Commercial,590,"0.36,0.45,0.45,0.45,0.45,0.45,0.36,0.45,1.00,0.45,0.45,1.00",30,"Sitelinks, Video"
bullet-vibrator_broad-match_us_2026-06-23.xlsx,bullet vibrator,the bullet vibrator,Commercial,590,"0.54,0.81,1.00,0.81,0.81,0.81,0.81,0.81,0.81,0.81,0.66,0.66",23,"Sitelinks, Video, Related searches"
bullet-vibrator_broad-match_us_2026-06-23.xlsx,bullet vibrator,best bullet vibrators,Commercial,480,"1.00,1.00,0.80,0.80,1.00,0.70,0.80,1.00,1.00,1.00,0.80,0.50",27,"Sitelinks, Related searches"
bullet-vibrator_broad-match_us_2026-06-23.xlsx,bullet vibrator,bullet vibratir,Commercial,480,"0.23,0.23,0.15,0.15,0.15,0.15,0.08,0.62,0.08,0.23,0.54,1.00",28,"Sitelinks, Related searches"
bullet-vibrator_broad-match_us_2026-06-23.xlsx,bullet vibrator,small bullet vibrator,Commercial,390,"0.81,1.00,1.00,1.00,1.00,0.81,0.81,1.00,1.00,1.00,0.81,1.00",26,Sitelinks
bullet-vibrator_broad-match_us_2026-06-23.xlsx,bullet vibrator,bullet vibrator charger,Informational,320,"0.81,0.81,1.00,1.00,1.00,0.81,0.81,0.81,1.00,1.00,1.00,0.65",25,"Sitelinks, Video, People also ask, Related searches"
bullet-vibrator_broad-match_us_2026-06-23.xlsx,bullet vibrator,magic bullet vibrator,Commercial,320,"0.67,0.54,0.67,0.54,0.67,0.43,0.54,0.81,0.81,1.00,0.81,0.67",26,"Sitelinks, People also ask"
bullet-vibrator_broad-match_us_2026-06-23.xlsx,bullet vibrator,bullet vibrator chargjng time,,260,1.00,,
bullet-vibrator_broad-match_us_2026-06-23.xlsx,bullet vibrator,how do you use a vibrating bullet,Informational,260,"0.08,0.00,0.00,0.48,1.00,0.13,0.31,0.31,0.38,0.60,0.21,0.60",34,"AI Overview, People also ask"
bullet-vibrator_broad-match_us_2026-06-23.xlsx,bullet vibrator,plus one bullet vibrator,Informational,260,"1.00,1.00,1.00,1.00,0.80,0.80,0.80,1.00,1.00,1.00,1.00,0.80",43,"Sitelinks, Video, People also ask"
bullet-vibrator_broad-match_us_2026-06-23.xlsx,bullet vibrator,bullet vibrator keelung,Commercial,210,"1.00,0.00,0.00,0.00,0.00,0.00,0.00,0.00,0.00,0.00,0.00,0.00",20,"Sitelinks, AI Overview, Video, People also ask, Related searches"
cock-ring_broad-match_us_2026-06-23.xlsx,cock ring,vibrating cock ring,Commercial,12100,"0.83,0.83,0.83,1.00,1.00,0.83,0.83,0.83,1.00,1.00,0.83,0.83",22,"Sitelinks, People also ask"
cock-ring_broad-match_us_2026-06-23.xlsx,cock ring,what is a cock ring,Informational,8100,"0.67,0.67,1.00,0.44,0.44,0.28,0.67,0.44,0.36,0.44,0.36,0.44",38,"Sitelinks, AI Overview, People also ask"
cock-ring_broad-match_us_2026-06-23.xlsx,cock ring,how to use a cock ring,Informational,6600,"0.44,0.44,1.00,0.81,0.44,0.67,0.44,0.54,0.54,0.54,0.54,0.44",22,"AI Overview, People also ask"
cock-ring_broad-match_us_2026-06-23.xlsx,cock ring,what do cock rings do,Informational,6600,"0.55,0.67,0.67,1.00,0.36,0.44,0.55,0.67,0.67,0.67,1.00,0.44",46,"Sitelinks, AI Overview, People also ask, Discussions and forums"
cock-ring_broad-match_us_2026-06-23.xlsx,cock ring,best cock ring,Commercial,3600,"0.53,0.53,0.53,0.53,0.53,0.53,0.53,0.53,0.67,1.00,0.67,0.81",24,"Sitelinks, AI Overview"
cock-ring_broad-match_us_2026-06-23.xlsx,cock ring,frank ocean cock ring,Informational,2900,"0.20,1.00,0.40,0.30,0.10,0.30,0.50,0.20,0.10,0.40,0.30,0.30",17,"Sitelinks, Image, Image pack, Video, Short videos, People also ask"
cock-ring_broad-match_us_2026-06-23.xlsx,cock ring,how to use cock ring,Informational,2900,"0.44,0.44,0.44,0.44,0.44,1.00,0.66,0.35,0.44,0.44,0.66,0.35",31,"AI Overview, People also ask"
cock-ring_broad-match_us_2026-06-23.xlsx,cock ring,how to wear a cock ring,Informational,2900,"0.36,0.36,0.81,0.36,1.00,0.28,0.28,0.36,0.36,0.36,0.36,0.36",23,"Sitelinks, AI Overview, People also ask"
cock-ring_broad-match_us_2026-06-23.xlsx,cock ring,best cock rings,Commercial,2400,"1.00,1.00,1.00,1.00,1.00,0.68,0.79,1.00,1.00,1.00,0.79,0.79",30,"Sitelinks, AI Overview, People also ask"
cock-ring_broad-match_us_2026-06-23.xlsx,cock ring,cock ring vibrator,Informational,2400,"0.13,1.00,0.16,0.16,0.16,0.24,0.16,0.16,0.16,0.16,0.16,0.29",29,Sitelinks
cock-ring_broad-match_us_2026-06-23.xlsx,cock ring,how to put on a cock ring,Informational,2400,"0.55,0.55,0.55,1.00,0.55,0.43,0.43,0.43,0.55,0.55,0.55,0.55",33,"Sitelinks, AI Overview, People also ask"
cock-ring_broad-match_us_2026-06-23.xlsx,cock ring,what is a cock ring for,Informational,1900,"1.00,0.07,0.55,0.30,0.55,0.36,0.43,0.55,0.66,0.55,0.43,0.36",38,"AI Overview, People also ask"
cock-ring_broad-match_us_2026-06-23.xlsx,cock ring,metal cock ring,Commercial,1600,"1.00,0.24,0.24,0.24,0.24,0.24,0.24,0.30,0.24,0.24,0.19,0.19",17,"Sitelinks, People also ask"
cock-ring_broad-match_us_2026-06-23.xlsx,cock ring,cock and ball ring,Commercial,1300,"0.71,0.71,0.71,1.00,1.00,0.71,0.71,0.71,0.71,0.71,0.57,0.57",19,"Sitelinks, People also ask"
cock-ring_broad-match_us_2026-06-23.xlsx,cock ring,vibrating cock rings,Commercial,1300,"0.81,0.81,0.81,1.00,0.81,0.81,0.81,0.81,1.00,1.00,0.81,0.81",23,Sitelinks
cock-ring_broad-match_us_2026-06-23.xlsx,cock ring,adjustable cock ring,"Informational, Commercial",1000,"0.30,0.30,0.36,0.36,0.36,1.00,1.00,0.36,0.36,0.36,0.30,0.30",24,Sitelinks
cock-ring_broad-match_us_2026-06-23.xlsx,cock ring,cock ring porn,Informational,1000,"0.00,0.00,0.00,0.00,0.00,0.00,0.00,0.00,1.00,0.00,0.00,0.00",30,
cock-ring_broad-match_us_2026-06-23.xlsx,cock ring,how to put on cock ring,Informational,880,"0.13,0.15,0.15,0.15,0.15,0.13,0.15,0.15,0.15,0.15,1.00,0.15",16,"AI Overview, People also ask"
cock-ring_broad-match_us_2026-06-23.xlsx,cock ring,how to use cock rings,Informational,880,"0.67,0.83,1.00,0.83,0.67,0.67,0.83,0.67,0.67,0.67,0.83,0.83",30,"Sitelinks, AI Overview, People also ask"
cock-ring_broad-match_us_2026-06-23.xlsx,cock ring,how to wear cock ring,Informational,880,"0.37,0.37,0.46,0.46,0.46,0.31,0.31,0.37,1.00,0.37,0.31,0.31",27,"Sitelinks, AI Overview, People also ask"
cock-ring_broad-match_us_2026-06-23.xlsx,cock ring,what is a cock ring used for,Informational,880,"0.02,0.13,0.20,0.16,0.41,0.36,0.36,0.41,0.41,0.54,0.36,1.00",37,"AI Overview, People also ask"
cock-ring_broad-match_us_2026-06-23.xlsx,cock ring,cock ring reddit,Navigational,720,"0.65,0.00,0.00,0.00,0.00,0.00,0.56,1.00,0.65,0.00,0.00,0.00",30,
cock-ring_broad-match_us_2026-06-23.xlsx,cock ring,silicone cock ring,Commercial,720,"0.07,0.07,0.07,0.08,0.07,0.07,0.07,0.07,0.07,0.08,0.16,1.00",23,"Sitelinks, People also ask"
cock-ring_broad-match_us_2026-06-23.xlsx,cock ring,clear cock ring porn,Commercial,590,"1.00,0.00,0.00,0.00,0.00,0.00,0.00",31,
cock-ring_broad-match_us_2026-06-23.xlsx,cock ring,cock ring benefits,Informational,590,"0.82,0.82,1.00,0.82,0.82,0.54,0.29,0.44,0.67,0.44,0.44,0.54",45,"Sitelinks, AI Overview, People also ask, Discussions and forums"
cock-ring_broad-match_us_2026-06-23.xlsx,cock ring,cock ring ken,Informational,590,"0.00,0.00,0.00,0.00,0.00,0.00,0.00,0.00,0.00,0.33,0.00,1.00",26,"Sitelinks, People also ask"
cock-ring_broad-match_us_2026-06-23.xlsx,cock ring,cock ring near me,"Informational, Transactional",590,"0.82,1.00,0.82,1.00,1.00,0.82,0.82,0.82,1.00,1.00,0.82,0.82",27,"Sitelinks, AI Overview, Related searches"
cock-ring_broad-match_us_2026-06-23.xlsx,cock ring,cock ring with vibrator,Commercial,590,"0.80,0.80,1.00,1.00,1.00,0.80,0.80,1.00,1.00,1.00,0.80,0.80",36,Sitelinks
cock-ring_broad-match_us_2026-06-23.xlsx,cock ring,popularmmos cock ring,Informational,590,"0.00,0.00,0.00,0.00,0.00,0.00,0.00,0.00,0.00,0.00,0.00,0.00",20,"Sitelinks, Video"
cock-ring_broad-match_us_2026-06-23.xlsx,cock ring,whats the point of a cock ring,Informational,590,"1.00,0.02,0.66,0.08,0.08,0.04,0.02,0.09,0.06,0.06,0.04,0.02",46,"Sitelinks, AI Overview, People also ask"
cock-ring_broad-match_us_2026-06-23.xlsx,cock ring,will a urologist help you put on a cock ring,Informational,590,"1.00,0.00,0.00,0.00,0.00,0.00",43,"Sitelinks, AI Overview, People also ask, Related searches"
cock-ring_broad-match_us_2026-06-23.xlsx,cock ring,cock rings near me,"Informational, Transactional",480,"0.80,0.80,1.00,1.00,1.00,1.00,1.00,1.00,1.00,1.00,0.80,0.80",46,"Sitelinks, AI Overview"
cock-ring_broad-match_us_2026-06-23.xlsx,cock ring,do cock rings make you last longer,Informational,480,"0.66,0.81,1.00,0.66,0.66,0.54,1.00,0.81,1.00,1.00,0.81,0.81",30,"Sitelinks, AI Overview, People also ask"
cock-ring_broad-match_us_2026-06-23.xlsx,cock ring,good cock rings,"Informational, Commercial",480,"0.00,0.00,0.00,0.00,0.00,0.00,0.00,0.00,0.00,0.00,0.00,1.00",30,"Sitelinks, AI Overview"
cock-ring_broad-match_us_2026-06-23.xlsx,cock ring,rubber cock ring,"Informational, Commercial",480,"0.08,0.08,0.13,0.07,0.20,0.11,0.07,1.00,0.08,0.08,0.07,0.08",45,Sitelinks
cock-ring_broad-match_us_2026-06-23.xlsx,cock ring,benefits of a cock ring,Informational,390,"0.67,0.83,1.00,0.83,0.67,0.29,0.08,0.54,0.67,0.54,0.33,0.33",34,"Sitelinks, AI Overview, People also ask"
cock-ring_broad-match_us_2026-06-23.xlsx,cock ring,best vibrating cock rings,Commercial,390,"0.81,0.66,0.81,1.00,0.81,0.81,0.81,0.81,1.00,1.00,1.00,0.66",20,"Sitelinks, AI Overview"
cock-ring_broad-match_us_2026-06-23.xlsx,cock ring,cheap cock ring vibrators,Commercial,390,"1.00,0.00,0.00,0.00,0.00,0.00,0.00",30,Sitelinks
cock-ring_broad-match_us_2026-06-23.xlsx,cock ring,cock ring amazon,"Navigational, Transactional",390,"0.39,0.39,0.39,0.48,0.48,0.32,0.26,0.26,0.21,0.39,0.39,1.00",29,"Sitelinks, Video, Related searches"
cock-ring_broad-match_us_2026-06-23.xlsx,cock ring,cock ring sizes,Informational,390,"0.71,1.00,1.00,1.00,1.00,0.71,0.71,1.00,1.00,1.00,1.00,1.00",17,"Sitelinks, AI Overview"
cock-ring_broad-match_us_2026-06-23.xlsx,cock ring,double cock ring,Commercial,390,"1.00,1.00,0.81,1.00,1.00,0.81,0.81,0.66,0.81,0.81,0.66,0.81",41,"Sitelinks, People also ask"
cock-ring_broad-match_us_2026-06-23.xlsx,cock ring,double penetration cock ring,Informational,390,"0.81,0.81,0.67,1.00,0.81,0.67,0.67,0.54,0.44,0.67,0.81,0.81",22,Sitelinks
cock-ring_broad-match_us_2026-06-23.xlsx,cock ring,how do you use a cock ring,Informational,390,"0.54,0.81,1.00,0.81,0.81,0.81,0.81,0.81,1.00,1.00,1.00,1.00",31,"AI Overview, People also ask"
cock-ring_broad-match_us_2026-06-23.xlsx,cock ring,how tight should a cock ring be,Informational,390,"0.81,0.81,0.81,1.00,1.00,0.81,0.81,0.81,1.00,1.00,1.00,0.81",33,"Featured snippet, Sitelinks, People also ask"
cock-ring_broad-match_us_2026-06-23.xlsx,cock ring,silicone cock rings,Commercial,390,"0.81,0.81,0.81,1.00,1.00,0.67,1.00,0.81,0.67,1.00,0.81,0.67",18,Sitelinks
cock-ring_broad-match_us_2026-06-23.xlsx,cock ring,using a cock ring,Informational,390,"0.64,1.00,1.00,0.80,0.80,0.64,0.64,0.64,0.80,0.80,0.64,0.64",26,"Sitelinks, AI Overview"
cock-ring_broad-match_us_2026-06-23.xlsx,cock ring,what does cock ring do,Informational,390,"0.00,0.15,0.15,0.15,0.08,0.08,0.77,0.77,1.00,1.00,0.00,0.54",46,"Sitelinks, AI Overview, People also ask"
cock-ring_broad-match_us_2026-06-23.xlsx,cock ring,what is the point of a cock ring,Informational,390,"0.00,0.00,0.10,0.00,0.30,0.00,0.20,0.30,1.00,0.80,0.30,0.70",45,"Sitelinks, AI Overview, People also ask"
cock-ring_broad-match_us_2026-06-23.xlsx,cock ring,bullring cock ring,Informational,320,"0.14,0.22,0.35,0.66,0.81,0.81,0.81,0.81,1.00",22,
cock-ring_broad-match_us_2026-06-23.xlsx,cock ring,cock ring thisvid,"Navigational, Transactional",320,"1.00,0.00,0.00,0.00,0.00,0.00,0.00,0.00,0.00,0.00",17,
cock-ring_broad-match_us_2026-06-23.xlsx,cock ring,cock ring vibrating,"Informational, Commercial",320,"0.67,0.81,0.81,0.81,1.00,0.81,0.81,0.81,0.81,1.00,0.81,0.67",17,Sitelinks
cock-ring_broad-match_us_2026-06-23.xlsx,cock ring,how do you put on a cock ring,Informational,320,"0.13,0.16,0.13,1.00,0.20,0.16,0.10,0.10,0.10,0.16,0.13,0.10",33,"AI Overview, People also ask"
cock-ring_broad-match_us_2026-06-23.xlsx,cock ring,primal cock rings,Navigational,320,"0.08,0.07,0.07,0.07,0.08,0.07,0.07,1.00,0.08,0.07,0.08,0.20",29,Sitelinks
cock-ring_broad-match_us_2026-06-23.xlsx,cock ring,rose cock ring,Informational,320,"0.67,1.00,0.81,1.00,0.81,0.81,0.54,0.81,0.67,0.81,0.67,0.67",16,Sitelinks
cock-ring_broad-match_us_2026-06-23.xlsx,cock ring,what is a cock.ring,Informational,320,"0.00,0.00,0.00,0.00,0.00,0.00,0.00,0.00,0.00,0.00,1.00,0.00",29,"Featured snippet, Sitelinks, People also ask"
cock-ring_broad-match_us_2026-06-23.xlsx,cock ring,whats a cock ring for,Informational,320,"0.01,0.02,0.02,0.20,0.02,0.20,0.16,0.25,0.25,0.25,0.20,1.00",31,"Sitelinks, AI Overview"
cock-ring_broad-match_us_2026-06-23.xlsx,cock ring,benefits of cock ring,Informational,260,"0.67,0.81,0.81,0.67,0.67,0.36,0.22,0.53,1.00,0.67,0.53,0.53",34,"Sitelinks, People also ask, Discussions and forums"
cock-ring_broad-match_us_2026-06-23.xlsx,cock ring,cock ring butt plug,Commercial,260,"0.82,0.66,0.82,0.82,0.82,0.66,0.82,0.82,0.82,1.00,0.66,0.66",16,"Sitelinks, People also ask"
cock-ring_broad-match_us_2026-06-23.xlsx,cock ring,cock ring dildo,Informational,260,"0.67,0.67,0.67,0.67,0.82,0.53,0.53,0.67,0.67,1.00,0.53,0.53",40,Sitelinks
cock-ring_broad-match_us_2026-06-23.xlsx,cock ring,cock ring metal,Commercial,260,"0.03,0.04,0.04,1.00,0.03,0.03,0.02,0.04,0.02,0.04,0.02,0.20",19,Sitelinks
cock-ring_broad-match_us_2026-06-23.xlsx,cock ring,cock ring review,Commercial,260,"0.14,0.43,1.00,0.71,0.71,0.43,0.71,0.57,0.71,0.71,0.57,0.57",27,"Sitelinks, AI Overview, People also ask"
cock-ring_broad-match_us_2026-06-23.xlsx,cock ring,cock ring size,Informational,260,"0.53,0.66,0.66,0.66,1.00,0.66,0.53,0.53,0.66,0.53,0.53,0.66",17,"Sitelinks, AI Overview"
cock-ring_broad-match_us_2026-06-23.xlsx,cock ring,cock ring sizing,Informational,260,"0.67,0.67,1.00,0.67,0.67,0.67,0.67,0.83,0.83,1.00,1.00,1.00",23,"Sitelinks, AI Overview, People also ask"
cock-ring_broad-match_us_2026-06-23.xlsx,cock ring,how long can you wear a cock ring,Informational,260,"0.67,1.00,0.67,0.67,0.08,0.82,0.82,0.67,0.23,0.82,0.35,0.82",29,"Sitelinks, AI Overview, People also ask"
cock-ring_broad-match_us_2026-06-23.xlsx,cock ring,mens cock ring,"Informational, Commercial",260,"0.81,1.00,1.00,0.81,0.81,0.81,0.81,1.00,1.00,1.00,1.00,0.81",38,"Sitelinks, People also ask"
cock-ring_broad-match_us_2026-06-23.xlsx,cock ring,mens cock rings,Commercial,260,"0.80,0.80,0.80,0.80,0.80,0.52,1.00,1.00,1.00,1.00,1.00,0.80",40,"Sitelinks, People also ask"
cock-ring_broad-match_us_2026-06-23.xlsx,cock ring,primal cock ring,Navigational,260,"0.82,0.82,0.65,0.82,0.82,0.82,0.82,0.65,1.00,1.00,1.00,1.00",28,Sitelinks
cock-ring_broad-match_us_2026-06-23.xlsx,cock ring,purpose of cock ring,Informational,260,"0.00,0.38,0.15,0.08,0.31,0.38,0.62,0.00,0.77,1.00,0.77,0.38",35,"Sitelinks, AI Overview, People also ask, Discussions and forums"
cock-ring_broad-match_us_2026-06-23.xlsx,cock ring,remote control cock ring,Commercial,260,"0.80,1.00,0.80,0.65,1.00,1.00,0.80,1.00,0.80,0.80,0.65,0.65",31,"Sitelinks, People also ask"
cock-ring_broad-match_us_2026-06-23.xlsx,cock ring,vibrator cock ring,Commercial,260,"0.81,0.81,1.00,1.00,0.81,0.81,0.81,0.65,1.00,1.00,0.81,0.81",45,Sitelinks
cock-ring_broad-match_us_2026-06-23.xlsx,cock ring,what are cock rings,Informational,260,"1.00,0.35,0.20,0.15,1.00,0.00,0.80,0.80,0.80,0.10,0.80,0.65",36,"Sitelinks, AI Overview, People also ask"
cock-ring_broad-match_us_2026-06-23.xlsx,cock ring,amazon cock ring,"Navigational, Transactional",210,"0.05,0.05,0.04,0.05,0.05,0.04,0.03,0.03,0.02,0.04,1.00,0.03",35,"Sitelinks, People also ask, Related searches"
cock-ring_broad-match_us_2026-06-23.xlsx,cock ring,bull ring cock ring,Commercial,210,"0.14,0.18,0.22,0.54,0.54,1.00,0.81,0.54,0.54",21,Sitelinks
cock-ring_broad-match_us_2026-06-23.xlsx,cock ring,cock ring placement,Informational,210,"0.05,0.05,0.05,0.05,0.05,0.04,0.04,0.05,0.05,1.00,0.03,0.04",20,"Sitelinks, AI Overview, People also ask"
cock-ring_broad-match_us_2026-06-23.xlsx,cock ring,cock ring that prevents cumming,Informational,210,"0.00,0.00,0.00,0.00,0.00,0.00,0.00,0.00,0.00,0.00,0.00,0.00",30,"Sitelinks, AI Overview, People also ask"
cock-ring_broad-match_us_2026-06-23.xlsx,cock ring,cock rings for men,"Informational, Commercial",210,"0.65,0.80,0.65,0.80,1.00,0.80,0.80,0.65,1.00,0.80,0.65,0.80",44,"Sitelinks, Video, People also ask"
cock-ring_broad-match_us_2026-06-23.xlsx,cock ring,cock rings for sale,Transactional,210,"0.53,0.43,0.66,0.53,0.82,0.82,0.82,0.82,1.00,1.00,0.66,0.82",26,Sitelinks
cock-ring_broad-match_us_2026-06-23.xlsx,cock ring,cvs cock ring,"Informational, Transactional",210,"0.15,0.19,0.81,1.00,0.19,0.15,0.12,0.15,0.19,0.02,0.12,0.12",31,"Sitelinks, People also ask"
cock-ring_broad-match_us_2026-06-23.xlsx,cock ring,danbooru cock ring,Navigational,210,"0.00,0.00,0.00,0.00,0.00,0.00,0.00,0.00,0.00,0.00,0.00,0.00",18,People also ask
cock-ring_broad-match_us_2026-06-23.xlsx,cock ring,dp cock ring,Informational,210,"0.80,0.80,0.80,0.80,1.00,1.00,0.80,1.00,1.00,1.00,0.80,1.00",19,Sitelinks
cock-ring_broad-match_us_2026-06-23.xlsx,cock ring,homer cock ring,Informational,210,"0.40,0.60,0.80,1.00,0.60,0.40,0.40,0.40,0.40,0.40,0.40,0.20",16,"Sitelinks, Related searches"
cock-ring_broad-match_us_2026-06-23.xlsx,cock ring,how to properly use a cock ring,Informational,210,"0.53,0.80,0.80,0.80,0.80,0.65,0.80,0.80,1.00,1.00,1.00,0.80",31,People also ask
cock-ring_broad-match_us_2026-06-23.xlsx,cock ring,how to size a cock ring,Informational,210,"0.66,0.66,0.66,0.81,0.66,0.66,0.66,0.81,0.81,0.81,0.81,1.00",20,"Sitelinks, AI Overview"
cock-ring_broad-match_us_2026-06-23.xlsx,cock ring,trojan cock ring,Informational,210,"1.00,0.81,0.81,0.81,0.81,0.81,0.63,0.81,1.00,1.00,0.81,0.81",26,"Sitelinks, People also ask"
discreet-shipping-adult-toys_broad-match_us_2026-06-23.xlsx,discreet shipping adult toys,adult toys discreet shipping,Informational,1000,"0.77,0.77,0.68,0.77,0.77,1.00,0.77,0.77,1.00,0.56,0.37,0.68",8,Sitelinks
kegel-balls_broad-match_us_2026-06-23.xlsx,kegel balls,kegel balls,Informational,12100,"0.44,0.44,0.36,1.00,0.44,0.36,0.36,0.29,0.81,0.54,0.36,0.44",37,"Sitelinks, AI Overview, Video, People also ask, Related searches"
kegel-balls_broad-match_us_2026-06-23.xlsx,kegel balls,kegel ball,Informational,2900,"0.68,1.00,0.68,1.00,0.53,0.42,0.68,0.42,0.53,1.00,0.53,1.00",26,"Sitelinks, AI Overview, Video, People also ask, Related searches"
kegel-balls_broad-match_us_2026-06-23.xlsx,kegel balls,kegels where you put the ball up your vag,Informational,1900,1.00,43,"Sitelinks, AI Overview, People also ask"
kegel-balls_broad-match_us_2026-06-23.xlsx,kegel balls,kegel balls for women,Informational,1300,"0.28,0.67,0.53,1.00,0.53,0.53,0.78,0.67,0.28,0.53,0.22,0.19",32,"Sitelinks, AI Overview, Image pack, Video, Short videos, People also ask, Related searches, Popular products"
kegel-balls_broad-match_us_2026-06-23.xlsx,kegel balls,what are kegel balls,Informational,1000,"0.08,0.13,0.08,1.00,0.13,0.13,0.10,0.07,0.36,0.10,0.08,0.10",44,"Sitelinks, AI Overview, Image pack, Video, Short videos, People also ask, Related searches"
kegel-balls_broad-match_us_2026-06-23.xlsx,kegel balls,how to use kegel balls,Informational,720,"0.82,1.00,0.82,1.00,0.55,0.65,0.65,0.55,1.00,0.82,0.65,0.82",35,"AI Overview, Image pack, Video carousel, Short videos, People also ask, Discussions and forums"
kegel-balls_broad-match_us_2026-06-23.xlsx,kegel balls,kegel ball exercises,Informational,590,"1.00,0.88,0.59,0.38,1.00,0.59,0.47,0.71,0.38,0.71,0.71,0.71",30,"Sitelinks, AI Overview, Image, Image pack, Video, Video carousel, Short videos, People also ask"
kegel-balls_broad-match_us_2026-06-23.xlsx,kegel balls,kegel ball for women,Informational,590,"0.44,1.00,0.67,1.00,1.00,0.56,0.83,0.83,0.44,0.67,0.28,0.44",28,"Sitelinks, AI Overview, Video, People also ask, Related searches"
kegel-balls_broad-match_us_2026-06-23.xlsx,kegel balls,kegel balls for men,Informational,480,"0.55,0.65,0.65,0.82,0.82,0.55,0.65,0.65,1.00,0.82,0.82,0.65",42,"Sitelinks, AI Overview, Video, People also ask, Discussions and forums, Related searches"
kegel-balls_broad-match_us_2026-06-23.xlsx,kegel balls,kegel balls use,Informational,480,"0.39,0.39,0.48,0.72,0.39,0.48,0.48,0.48,1.00,0.59,0.72,1.00",27,"AI Overview, Image pack, Video carousel, Short videos, People also ask, Discussions and forums"
kegel-balls_broad-match_us_2026-06-23.xlsx,kegel balls,kegel exercise balls how to use,Informational,480,"0.54,0.67,0.67,0.19,0.36,0.45,0.54,0.82,1.00,0.67,0.54,0.82",19,"Sitelinks, AI Overview, Video, Video carousel, Short videos, People also ask, Related searches"
kegel-balls_broad-match_us_2026-06-23.xlsx,kegel balls,kegel exercises using ball,Informational,480,"0.82,0.82,0.67,0.24,0.82,0.54,0.67,1.00,0.82,0.82,0.67,0.82",36,"Sitelinks, AI Overview, Image pack, Video, Video carousel, Short videos, Related searches"
kegel-balls_broad-match_us_2026-06-23.xlsx,kegel balls,silicone kegel ball,Informational,480,"0.00,0.00,0.00,0.00,0.00,0.36,0.04,0.04,1.00,0.36,0.44,0.27",24,"Sitelinks, AI Overview, Video, People also ask, Discussions and forums"
kegel-balls_broad-match_us_2026-06-23.xlsx,kegel balls,kegel exercise ball,Informational,390,"1.00,0.66,0.23,0.44,0.81,0.29,0.23,0.36,0.44,0.54,0.36,0.44",31,"Sitelinks, Image, Image pack, Video, Video carousel, People also ask, Related searches, Popular products"
kegel-balls_broad-match_us_2026-06-23.xlsx,kegel balls,silicone kegel balls,Informational,390,"0.13,0.31,0.46,1.00,0.08,0.08,0.03,0.02,0.37,0.02,0.11,0.07",25,"Sitelinks, AI Overview, Video, People also ask, Related searches"
kegel-balls_broad-match_us_2026-06-23.xlsx,kegel balls,weighted kegel balls,Informational,390,"0.44,0.44,0.54,0.36,0.44,0.66,0.44,0.54,1.00,0.81,0.54,0.66",22,"AI Overview, Image, Image pack, Video, Short videos, People also ask, Related searches"
kegel-balls_broad-match_us_2026-06-23.xlsx,kegel balls,kegel exercise balls for women,Informational,320,"0.29,0.54,0.66,1.00,0.66,0.44,1.00,0.66,0.36,0.66,0.15,0.36",32,"Sitelinks, AI Overview, Image pack, Video, Video carousel, People also ask, Related searches"
kegel-balls_broad-match_us_2026-06-23.xlsx,kegel balls,kegel exercises balls for women,Informational,320,"0.00,0.00,0.84,0.00,0.00,0.00,0.00,1.00,0.00,0.00,0.31,0.00",39,"Sitelinks, AI Overview, Image pack, Video, Video carousel, People also ask, Related searches, Popular products"
kegel-balls_broad-match_us_2026-06-23.xlsx,kegel balls,what is a kegel ball,Informational,320,"0.28,0.19,0.19,1.00,0.22,0.22,0.19,0.19,0.44,0.28,0.14,0.19",39,"Sitelinks, AI Overview, People also ask, Related searches"
kegel-balls_broad-match_us_2026-06-23.xlsx,kegel balls,kegel ball exercise,Informational,260,"1.00,0.81,0.28,0.43,0.67,0.43,0.19,0.43,0.54,0.54,0.35,0.28",27,"Sitelinks, AI Overview, Video, Video carousel, People also ask"
kegel-balls_broad-match_us_2026-06-23.xlsx,kegel balls,kegel balls for beginners,Informational,260,"0.23,0.66,0.66,0.28,0.28,0.18,0.66,0.54,1.00,1.00,0.81,0.44",25,"Sitelinks, AI Overview, Image pack, Video, Video carousel, Short videos, People also ask, Discussions and forums, Related searches"
kegel-balls_broad-match_us_2026-06-23.xlsx,kegel balls,kegels balls,Informational,260,"0.03,0.03,1.00,0.36,0.08,0.03,0.03,0.11,0.44,0.19,0.19,0.19",38,"Sitelinks, AI Overview, Video, People also ask, Related searches"
kegel-balls_broad-match_us_2026-06-23.xlsx,kegel balls,what is a kegel exercise ball,Informational,260,"0.00,0.00,0.00,0.00,0.07,0.20,0.25,0.20,1.00,0.25,0.00,0.00",21,"Sitelinks, AI Overview, Image pack, Video, Video carousel, Short videos, People also ask, Related searches"
kegel-balls_broad-match_us_2026-06-23.xlsx,kegel balls,do kegel balls work,Informational,210,"0.80,0.65,0.80,0.80,0.80,0.65,0.53,0.65,0.80,1.00,0.42,0.53",20,"AI Overview, Image pack, Short videos, Discussions and forums, Related searches"
kegel-balls_broad-match_us_2026-06-23.xlsx,kegel balls,kegel balls for women use,Informational,210,"0.00,0.00,0.00,0.03,0.00,0.00,0.00,0.13,1.00,0.16,0.24,0.24",29,"Sitelinks, AI Overview, Video, People also ask, Related searches"
kegel-balls_broad-match_us_2026-06-23.xlsx,kegel balls,vibrating kegel balls,Informational,210,"0.52,0.52,0.65,1.00,0.65,0.65,0.52,0.65,0.52,0.33,0.43,0.65",23,"Sitelinks, Video, People also ask"
male-masturbator_broad-match_us_2026-06-23.xlsx,male masturbator,male masturbator,Commercial,14800,"0.24,0.54,0.24,0.29,0.29,0.44,0.24,1.00,0.36,0.67,0.29,0.44",41,"Sitelinks, AI Overview"
male-masturbator_broad-match_us_2026-06-23.xlsx,male masturbator,male masturbators,Commercial,9900,"0.67,0.35,0.30,0.35,0.35,1.00,0.30,0.54,0.44,0.30,0.81,0.81",37,"Sitelinks, AI Overview"
male-masturbator_broad-match_us_2026-06-23.xlsx,male masturbator,male masturbation,Informational,5400,"0.35,0.54,0.35,0.44,0.81,0.24,1.00,0.81,0.67,0.54,0.54,0.54",40,"Sitelinks, AI Overview, People also ask"
male-masturbator_broad-match_us_2026-06-23.xlsx,male masturbator,best male masturbator,Commercial,4400,"0.82,0.82,0.82,1.00,0.82,0.82,0.82,0.82,0.82,0.82,0.67,0.67",32,"Sitelinks, AI Overview"
male-masturbator_broad-match_us_2026-06-23.xlsx,male masturbator,best male masturbators,Commercial,2900,"0.84,0.84,1.00,1.00,1.00,1.00,1.00,1.00,1.00,1.00,0.84,1.00",27,"Sitelinks, AI Overview"
male-masturbator_broad-match_us_2026-06-23.xlsx,male masturbator,male masturbating,Commercial,2900,"0.03,0.08,0.08,0.44,1.00,0.16,0.36,0.81,0.24,0.44,0.13,0.16",41,People also ask
male-masturbator_broad-match_us_2026-06-23.xlsx,male masturbator,male masturbation toys,Commercial,2900,"0.34,0.52,0.34,0.43,0.43,0.34,1.00,0.52,0.66,0.52,0.43,0.43",37,Sitelinks
male-masturbator_broad-match_us_2026-06-23.xlsx,male masturbator,automatic male masturbator,Informational,1900,"0.53,0.53,0.36,0.36,0.53,0.36,0.44,0.27,0.53,0.53,1.00,0.53",40,"Sitelinks, AI Overview, People also ask"
male-masturbator_broad-match_us_2026-06-23.xlsx,male masturbator,masturbating video male,Informational,1900,"0.55,0.65,0.82,0.01,0.30,0.65,0.65,1.00,0.82,0.65,0.82,1.00",31,
male-masturbator_broad-match_us_2026-06-23.xlsx,male masturbator,male masturbation techniques,Informational,1300,"1.00,0.55,0.79,0.55,0.66,0.28,0.34,0.66,0.66,0.79,0.55,0.79",35,"Sitelinks, AI Overview"
male-masturbator_broad-match_us_2026-06-23.xlsx,male masturbator,male masturbator toy,Commercial,1300,"0.09,0.09,0.11,0.11,0.11,0.36,0.36,0.16,1.00,0.16,0.55,0.66",35,Sitelinks
male-masturbator_broad-match_us_2026-06-23.xlsx,male masturbator,auto male masturbator,Commercial,1000,"1.00,0.30,0.44,0.77,0.37,1.00,1.00,0.68,0.77,0.77,1.00,0.77",36,Sitelinks
male-masturbator_broad-match_us_2026-06-23.xlsx,male masturbator,black male masturbator,Commercial,1000,"0.00,0.00,0.00,0.00,0.19,0.54,0.37,0.80,0.54,0.80,0.67,1.00",14,Sitelinks
male-masturbator_broad-match_us_2026-06-23.xlsx,male masturbator,hands-free wearable male masturbator,Commercial,1000,"0.55,0.00,1.00,0.00,0.00,0.00,0.00",16,Sitelinks
male-masturbator_broad-match_us_2026-06-23.xlsx,male masturbator,male masturbation gif,Informational,1000,"0.62,0.62,0.81,0.62,0.62,0.44,0.62,0.62,0.81,1.00,0.62,1.00",11,
male-masturbator_broad-match_us_2026-06-23.xlsx,male masturbator,male masturbation methods,Informational,1000,"0.62,0.62,0.04,0.62,0.62,0.81,0.02,1.00,0.81,1.00,0.81,1.00",32,"Sitelinks, AI Overview, People also ask"
male-masturbator_broad-match_us_2026-06-23.xlsx,male masturbator,male masturbation porn,Informational,1000,"0.12,0.07,0.66,0.19,0.07,0.19,0.00,0.07,0.02,1.00,0.03,0.29",33,
male-masturbator_broad-match_us_2026-06-23.xlsx,male masturbator,male masturbation toy,Commercial,1000,"0.47,0.51,0.51,1.00,0.51,0.51,0.51,0.51,0.67,0.51,0.51,0.51",38,Sitelinks
male-masturbator_broad-match_us_2026-06-23.xlsx,male masturbator,solo male masturb,Informational,1000,"0.00,0.35,0.04,0.00,0.08,0.01,0.00,1.00,0.00,0.00,0.00,0.04",35,
male-masturbator_broad-match_us_2026-06-23.xlsx,male masturbator,top rated male masturbators,"Informational, Commercial",1000,"0.20,0.34,0.44,1.00,0.13,0.20,0.30,0.08,0.13,0.20,0.65,0.30",26,"Sitelinks, AI Overview"
male-masturbator_broad-match_us_2026-06-23.xlsx,male masturbator,hands free male masturbator,Commercial,880,"0.88,1.00,0.59,0.71,0.88,1.00,0.59,0.88,0.88,0.88,0.59,0.71",16,Sitelinks
male-masturbator_broad-match_us_2026-06-23.xlsx,male masturbator,how to masturbate male,Informational,880,"1.00,1.00,0.48,0.88,1.00,0.48,1.00,0.88,1.00,1.00,0.71,0.88",33,"Sitelinks, People also ask, Discussions and forums"
male-masturbator_broad-match_us_2026-06-23.xlsx,male masturbator,male masturb video,Informational,880,"1.00,0.76,0.76,0.08,0.55,1.00,1.00,0.16,0.08,1.00,1.00,1.00",29,
male-masturbator_broad-match_us_2026-06-23.xlsx,male masturbator,male masturbate,Informational,880,"0.02,1.00,0.20,0.08,0.13,0.55,0.16,0.05,1.00,0.11,0.08,0.20",41,People also ask
male-masturbator_broad-match_us_2026-06-23.xlsx,male masturbator,male masturbator toys,Commercial,880,"0.21,0.42,0.26,0.84,0.26,0.21,1.00,0.84,0.21,0.21,0.16,0.16",35,"Sitelinks, AI Overview"
male-masturbator_broad-match_us_2026-06-23.xlsx,male masturbator,masturbate solo male,"Informational, Transactional",880,"0.00,0.03,0.07,0.19,0.81,0.43,0.00,0.05,0.00,0.00,0.00,1.00",35,
male-masturbator_broad-match_us_2026-06-23.xlsx,male masturbator,a study on male masturbation duration assisted by masturbators,Informational,720,"0.00,0.00,1.00,0.00,0.00,0.00,0.00,0.00,0.00,0.00,0.00,0.00",7,"Sitelinks, Related searches"
male-masturbator_broad-match_us_2026-06-23.xlsx,male masturbator,automatic male masturbators,Commercial,720,"0.11,0.12,0.36,0.36,0.41,0.55,0.41,0.55,0.36,0.20,1.00,0.20",29,"Sitelinks, AI Overview"
male-masturbator_broad-match_us_2026-06-23.xlsx,male masturbator,es malo masturbarse,Informational,720,"0.80,1.00,0.54,0.67,0.80,1.00,0.80,0.43,0.67,0.67,0.67,0.80",22,"Sitelinks, AI Overview, Video, Video carousel, Short videos, People also ask, Related searches"
male-masturbator_broad-match_us_2026-06-23.xlsx,male masturbator,how often do males masturbate,Informational,720,"0.13,0.52,0.25,0.20,0.38,0.06,0.68,0.05,0.05,0.68,0.84,1.00",39,"Sitelinks, AI Overview, Video, Short videos, People also ask, Related searches"
male-masturbator_broad-match_us_2026-06-23.xlsx,male masturbator,male masturbation videos,Informational,720,"0.60,0.60,0.30,0.60,0.60,0.00,0.60,1.00,0.30,0.50,0.60,0.80",31,
male-masturbator_broad-match_us_2026-06-23.xlsx,male masturbator,masturbate male porn,Informational,720,"0.02,0.02,0.07,0.02,0.16,0.29,0.44,0.04,0.00,0.44,0.66,1.00",36,People also ask
male-masturbator_broad-match_us_2026-06-23.xlsx,male masturbator,masturbate techniques male,Informational,720,"1.00,0.00,0.00,0.00,0.00,0.00,0.00,0.66,0.66,0.44,0.52,0.00",21,Sitelinks
male-masturbator_broad-match_us_2026-06-23.xlsx,male masturbator,realistic male masturbator,Commercial,720,"0.05,0.05,0.07,0.13,0.16,0.10,0.10,0.04,1.00,0.07,0.04,0.05",20,Sitelinks
male-masturbator_broad-match_us_2026-06-23.xlsx,male masturbator,amazon male masturbator,"Navigational, Transactional",590,"0.80,0.67,0.54,1.00,0.67,0.67,0.28,1.00,0.80,1.00,0.67,0.67",29,"Sitelinks, Video"
male-masturbator_broad-match_us_2026-06-23.xlsx,male masturbator,best male masturbation toys,Commercial,590,"0.20,0.20,0.24,0.29,0.29,0.29,0.29,0.29,0.29,1.00,0.54,0.24",30,"Sitelinks, AI Overview"
male-masturbator_broad-match_us_2026-06-23.xlsx,male masturbator,einseo ai sync male masturbator sex toys for men,Commercial,590,"0.00,0.00,1.00,0.00",21,Sitelinks
male-masturbator_broad-match_us_2026-06-23.xlsx,male masturbator,how often should a male masturbate,Informational,590,"1.00,0.32,1.00,1.00,0.47,0.39,0.59,0.39,0.47,0.47,0.39,0.59",41,"Sitelinks, AI Overview, Video, Short videos, People also ask, Discussions and forums, Related searches"
male-masturbator_broad-match_us_2026-06-23.xlsx,male masturbator,male masturbating to porn,Informational,590,"0.02,0.07,0.13,0.02,0.03,0.02,0.44,0.02,0.01,0.44,0.66,1.00",25,
male-masturbator_broad-match_us_2026-06-23.xlsx,male masturbator,male masturbating with face,"Informational, Navigational",590,"1.00,0.00,0.00,0.00,0.00,0.00",20,
male-masturbator_broad-match_us_2026-06-23.xlsx,male masturbator,male masturbating with face download,Informational,590,"1.00,0.00,0.00,0.00,0.00,0.00",19,People also ask
male-masturbator_broad-match_us_2026-06-23.xlsx,male masturbator,male masturbating with face download video,Informational,590,"1.00,0.00,0.00,0.00,0.00,0.00",17,
male-masturbator_broad-match_us_2026-06-23.xlsx,male masturbator,male masturbator pink sleeve,Commercial,590,"1.00,0.00,0.00,0.00,0.00,0.00,0.00",7,Sitelinks
male-masturbator_broad-match_us_2026-06-23.xlsx,male masturbator,male masturbator porn,Informational,590,"0.07,0.41,0.16,0.08,0.16,0.13,0.30,0.66,0.41,0.00,1.00,0.16",25,
male-masturbator_broad-match_us_2026-06-23.xlsx,male masturbator,male masturbators toys,Commercial,590,"0.00,0.00,1.00,0.00,0.00,0.00,0.00,0.00,0.00,0.00,0.00,0.00",34,Sitelinks
male-masturbator_broad-match_us_2026-06-23.xlsx,male masturbator,male pov masturbating,"Informational, Navigational",590,"1.00,0.00,0.00,0.00,0.00,0.00",22,People also ask
male-masturbator_broad-match_us_2026-06-23.xlsx,male masturbator,masturbating male porn,Informational,590,"0.02,0.03,0.08,0.05,0.16,0.29,0.07,0.04,0.01,0.44,0.66,1.00",34,
male-masturbator_broad-match_us_2026-06-23.xlsx,male masturbator,masturbating male videos,Informational,590,"0.07,0.12,0.09,0.07,0.47,1.00,0.05,0.07,0.05,1.00,0.23,0.23",30,
male-masturbator_broad-match_us_2026-06-23.xlsx,male masturbator,masturbating solo male,Informational,590,"0.00,0.65,1.00,0.01,0.04,0.03,0.00,0.00,0.00,0.00,0.00,0.08",28,
male-masturbator_broad-match_us_2026-06-23.xlsx,male masturbator,porn male masturbate,Informational,590,"0.07,0.24,0.13,0.07,0.55,1.00,0.05,0.13,0.05,0.15,0.13,0.13",29,
male-masturbator_broad-match_us_2026-06-23.xlsx,male masturbator,solo male masturbation with face,Navigational,590,"1.00,0.00,0.00,0.00,0.00,0.00",20,
male-masturbator_broad-match_us_2026-06-23.xlsx,male masturbator,best male masturbation toy,Commercial,480,"0.67,0.67,0.67,0.67,0.67,0.83,1.00,0.67,0.67,0.83,0.54,0.67",34,Sitelinks
male-masturbator_broad-match_us_2026-06-23.xlsx,male masturbator,es malo masturbarme,Informational,480,"0.67,1.00,0.67,0.19,0.19,0.00,0.67,0.56,0.00,0.56,0.56,0.67",16,"Sitelinks, AI Overview, Video, Video carousel, Short videos, People also ask"
male-masturbator_broad-match_us_2026-06-23.xlsx,male masturbator,hot male masturbating,"Informational, Transactional",480,"0.04,0.25,0.34,1.00,0.06,0.04,0.04,0.04,0.04,0.06,0.01,0.04",26,
male-masturbator_broad-match_us_2026-06-23.xlsx,male masturbator,male masturbation device,Commercial,480,"0.11,0.13,1.00,0.16,0.16,0.13,0.16,0.84,0.16,0.13,0.11,0.11",28,Sitelinks
male-masturbator_broad-match_us_2026-06-23.xlsx,male masturbator,male masturbation positions,Informational,480,"0.05,0.05,0.05,0.04,0.04,0.03,0.03,1.00,0.03,0.03,0.01,0.02",23,"Sitelinks, People also ask"
male-masturbator_broad-match_us_2026-06-23.xlsx,male masturbator,male masturbation reddit,Navigational,480,"0.00,0.00,0.00,0.00,0.00,0.00,0.00,0.00,0.00,0.00,0.00,1.00",29,
male-masturbator_broad-match_us_2026-06-23.xlsx,male masturbator,male masturbation stories,Informational,480,"1.00,0.55,0.44,0.55,0.55,0.55,0.55,0.67,0.67,0.67,0.44,0.44",5,Sitelinks
male-masturbator_broad-match_us_2026-06-23.xlsx,male masturbator,male masturbator video,Informational,480,"0.13,0.37,0.31,0.11,0.25,1.00,0.07,0.11,0.52,0.00,0.11,0.08",33,"Sitelinks, People also ask"
male-masturbator_broad-match_us_2026-06-23.xlsx,male masturbator,masturbating porn male,Informational,480,"0.03,0.03,0.08,0.00,0.16,0.02,0.03,0.03,0.02,0.44,0.66,1.00",28,
male-masturbator_broad-match_us_2026-06-23.xlsx,male masturbator,videos of males masturbating,Informational,480,"0.83,0.83,0.21,0.54,0.42,0.29,0.13,0.54,0.42,0.83,0.42,1.00",28,
male-masturbator_broad-match_us_2026-06-23.xlsx,male masturbator,amazon male masturbators,"Navigational, Transactional",390,"0.44,0.55,0.24,0.24,0.07,0.24,0.29,0.24,0.82,1.00,0.65,0.29",31,"Sitelinks, Video, People also ask, Related searches"
male-masturbator_broad-match_us_2026-06-23.xlsx,male masturbator,best automatic male masturbator,Commercial,390,"0.56,0.67,0.83,0.67,0.83,0.67,0.83,0.67,0.67,1.00,0.56,0.67",14,Sitelinks
male-masturbator_broad-match_us_2026-06-23.xlsx,male masturbator,es malo masturbar se,Informational,390,"0.67,1.00,0.67,0.17,0.17,0.00,0.67,0.54,0.00,0.54,0.54,0.67",11,"Sitelinks, AI Overview, Image, Image pack, Video, Video carousel, Short videos, Related searches"
male-masturbator_broad-match_us_2026-06-23.xlsx,male masturbator,how to masturbate for males,Informational,390,"1.00,0.83,0.56,0.56,0.67,0.83,0.56,0.36,0.56,1.00,0.44,0.36",32,"Sitelinks, People also ask, Discussions and forums"
male-masturbator_broad-match_us_2026-06-23.xlsx,male masturbator,male masturbating videos,Informational,390,"0.00,0.00,0.00,0.00,0.76,1.00,0.76,0.67,0.24,0.67,0.67,0.67",27,
male-masturbator_broad-match_us_2026-06-23.xlsx,male masturbator,male masturbation tips,Informational,390,"1.00,0.83,1.00,1.00,0.83,0.83,0.67,0.67,1.00,0.83,0.54,0.54",27,"Sitelinks, AI Overview, People also ask"
male-masturbator_broad-match_us_2026-06-23.xlsx,male masturbator,male masturbator amazon,"Navigational, Transactional",390,"0.32,0.36,0.00,0.09,0.73,0.36,1.00,0.23,0.32,0.45,0.00,0.14",29,"Sitelinks, Image, Video"
male-masturbator_broad-match_us_2026-06-23.xlsx,male masturbator,male masturbator machine,Commercial,390,"0.67,0.07,0.04,0.15,0.67,0.36,0.67,0.54,1.00,0.67,0.67,0.82",40,Sitelinks
male-masturbator_broad-match_us_2026-06-23.xlsx,male masturbator,male masturbator videos,Informational,390,"1.00,0.36,0.09,0.45,0.30,0.67,0.45,0.24,0.36,0.45,0.45,0.54",28,Sitelinks
male-masturbator_broad-match_us_2026-06-23.xlsx,male masturbator,male mutual masturbating,Informational,390,"0.26,0.72,0.21,0.13,0.39,1.00,0.13,0.07,0.17,0.88,0.39,0.32",18,
male-masturbator_broad-match_us_2026-06-23.xlsx,male masturbator,solo male masturbators,Commercial,390,"0.00,0.02,0.03,0.01,0.10,0.43,0.00,0.07,0.00,0.00,0.00,1.00",21,Sitelinks
male-masturbator_broad-match_us_2026-06-23.xlsx,male masturbator,best hands free male masturbator,Commercial,320,"0.66,0.66,0.81,0.81,0.81,0.66,0.54,0.66,1.00,1.00,0.81,0.81",20,"Sitelinks, Video"
male-masturbator_broad-match_us_2026-06-23.xlsx,male masturbator,best male masturbator toy,Commercial,320,"0.56,0.67,0.67,1.00,0.44,0.83,0.67,0.67,0.67,0.67,0.44,0.56",25,"Sitelinks, AI Overview"
male-masturbator_broad-match_us_2026-06-23.xlsx,male masturbator,best male masturbators 2026,,320,"0.00,0.44,0.81,1.00",,
male-masturbator_broad-match_us_2026-06-23.xlsx,male masturbator,goyha male masturbators,Informational,320,"1.00,0.00,0.00,0.00,0.00,0.00,0.00,0.00,0.00,0.00",22,Sitelinks
male-masturbator_broad-match_us_2026-06-23.xlsx,male masturbator,hands free male masturbators,Commercial,320,"0.07,0.13,0.10,0.23,0.80,0.53,1.00,0.80,0.80,1.00,1.00,0.80",23,Sitelinks
male-masturbator_broad-match_us_2026-06-23.xlsx,male masturbator,how to masturbate as a male,Informational,320,"0.06,0.08,0.45,0.10,0.10,0.10,0.10,0.10,1.00,0.10,0.06,0.10",39,"Featured snippet, Discussions and forums"
male-masturbator_broad-match_us_2026-06-23.xlsx,male masturbator,male masturbating in car,"Informational, Transactional",320,"0.29,0.44,1.00,0.81,0.54,0.54,0.44,0.54,0.36,0.29,0.15,0.29",18,
male-masturbator_broad-match_us_2026-06-23.xlsx,male masturbator,male masturbating video,Informational,320,"0.00,0.00,0.00,0.00,1.00,0.88,0.59,0.39,0.26,0.00,0.00,0.00",28,
male-masturbator_broad-match_us_2026-06-23.xlsx,male masturbator,male masturbation devices,Commercial,320,"0.26,0.32,0.39,0.32,0.32,0.21,0.32,0.26,0.32,0.32,1.00,0.26",35,Sitelinks
male-masturbator_broad-match_us_2026-06-23.xlsx,male masturbator,male masturbation tricks tips,Informational,320,"0.00,0.00,0.00,0.00,0.00,0.00,0.00,0.00,0.00,0.00,0.00,0.00",24,"Sitelinks, AI Overview"
male-masturbator_broad-match_us_2026-06-23.xlsx,male masturbator,male masturbator gif,Informational,320,"0.11,1.00,0.12,0.15,0.05,0.08,0.12,0.15,0.12,0.11,0.11,0.12",15,
male-masturbator_broad-match_us_2026-06-23.xlsx,male masturbator,male solo masturbating,"Informational, Navigational",320,"0.22,0.22,0.39,0.22,0.39,0.89,0.00,0.22,1.00,0.00,0.00,0.72",30,
male-masturbator_broad-match_us_2026-06-23.xlsx,male masturbator,masturbarse es malo,Informational,320,"0.67,0.44,1.00,0.67,0.44,0.56,0.36,0.56,0.56,0.67,0.56,0.56",13,"AI Overview, Image pack, Video, Video carousel, Short videos, People also ask, Related searches"
male-masturbator_broad-match_us_2026-06-23.xlsx,male masturbator,automated male masturbator,Commercial,260,"0.44,0.00,1.00,1.00,0.81,0.54,0.28,0.66,0.44,0.44,0.66,0.54",36,Sitelinks
male-masturbator_broad-match_us_2026-06-23.xlsx,male masturbator,best lube for male masturbation,Commercial,260,"0.53,0.53,0.66,0.66,0.82,0.66,0.82,0.66,0.66,1.00,0.66,0.82",5,"Sitelinks, AI Overview, People also ask"
male-masturbator_broad-match_us_2026-06-23.xlsx,male masturbator,best male masturbator reddit,Navigational,260,"0.82,0.82,1.00,0.65,0.82,0.82,1.00,0.82,0.82,0.82,0.53,0.53",22,
male-masturbator_broad-match_us_2026-06-23.xlsx,male masturbator,best male.masturbators,Commercial,260,"1.00,0.81,0.67,0.44,0.05,0.15,0.04,0.04,0.04,0.05,0.03,0.03",26,"Sitelinks, Discussions and forums"
male-masturbator_broad-match_us_2026-06-23.xlsx,male masturbator,best way to masturbate male,Commercial,260,"0.53,0.66,0.53,1.00,0.53,0.66,0.53,0.66,0.43,0.66,0.53,0.53",49,"Sitelinks, People also ask"
male-masturbator_broad-match_us_2026-06-23.xlsx,male masturbator,black male masturbating,Informational,260,"0.25,0.00,0.00,0.02,0.17,1.00,0.00,0.08,0.06,0.05,0.05,0.08",27,
male-masturbator_broad-match_us_2026-06-23.xlsx,male masturbator,danbooru male masturbation,Navigational,260,"1.00,0.00,0.00,0.00,0.00,0.00,0.00,0.00,0.00,0.00,0.00",9,
male-masturbator_broad-match_us_2026-06-23.xlsx,male masturbator,diy male masturbator,Commercial,260,"1.00,0.81,0.81,1.00,1.00,0.81,0.65,0.65,0.65,0.65,0.65,0.65",22,Sitelinks
male-masturbator_broad-match_us_2026-06-23.xlsx,male masturbator,electric male masturbator,Commercial,260,"0.66,0.66,0.52,1.00,0.82,0.66,0.66,0.82,0.66,0.66,0.82,0.34",33,Sitelinks
male-masturbator_broad-match_us_2026-06-23.xlsx,male masturbator,homemade male masturbator,Informational,260,"0.67,0.81,0.81,1.00,0.81,0.81,0.67,0.67,0.67,0.67,0.67,0.53",16,"Sitelinks, Video"
male-masturbator_broad-match_us_2026-06-23.xlsx,male masturbator,how do males masturbate,Informational,260,"0.65,0.82,0.53,0.82,1.00,1.00,1.00,0.53,0.65,0.82,0.44,0.82",40,"AI Overview, People also ask, Discussions and forums"
male-masturbator_broad-match_us_2026-06-23.xlsx,male masturbator,how to masturbate for a male,Informational,260,"0.10,1.00,1.00,0.00,0.00,0.00,0.01,0.00,0.02,0.07,0.01,0.00",31,"Sitelinks, People also ask, Discussions and forums"
male-masturbator_broad-match_us_2026-06-23.xlsx,male masturbator,how to masturbate in males,Informational,260,"0.00,0.00,1.00,0.00,0.00,0.00,0.00,0.00,0.00,0.01,0.00,0.00",31,"Sitelinks, Discussions and forums"
male-masturbator_broad-match_us_2026-06-23.xlsx,male masturbator,male anal masturbation,Informational,260,"0.82,0.82,0.82,0.82,1.00,0.82,0.82,0.82,0.66,0.82,0.52,0.66",27,Sitelinks
male-masturbator_broad-match_us_2026-06-23.xlsx,male masturbator,male masturbate stories,Informational,260,"0.43,0.43,0.34,0.10,0.28,0.81,0.43,0.10,0.18,1.00,0.81,1.00",5,Sitelinks
quiet-vibrator_broad-match_us_2026-06-23.xlsx,quiet vibrator,quiet vibrator,Commercial,1900,"0.66,0.66,0.66,1.00,0.79,0.66,0.66,0.79,0.79,0.79,0.66,0.66",30,"Sitelinks, Related searches"
quiet-vibrator_broad-match_us_2026-06-23.xlsx,quiet vibrator,quiet vibrators,Commercial,1300,"0.75,1.00,1.00,1.00,1.00,0.75,0.75,0.75,1.00,1.00,0.75,0.75",25,Sitelinks
quiet-vibrator_broad-match_us_2026-06-23.xlsx,quiet vibrator,quiet vibrating toothbrush,Commercial,260,"0.22,0.66,0.81,0.29,0.29,0.54,0.54,1.00,1.00,1.00,0.54,0.81",24,"Sitelinks, Video, People also ask, Discussions and forums, Related searches, Popular products"
quiet-vibrator_broad-match_us_2026-06-23.xlsx,quiet vibrator,best quiet vibrator,Commercial,210,"0.80,0.80,0.80,1.00,1.00,0.64,0.64,0.64,0.80,0.80,0.64,0.80",27,"Sitelinks, Related searches"
quiet-vibrator_broad-match_us_2026-06-23.xlsx,quiet vibrator,best quiet vibrators,Commercial,170,"0.66,0.82,1.00,0.82,0.82,0.66,0.66,0.66,0.66,0.82,0.82,0.52",26,"Sitelinks, AI Overview, People also ask, Related searches"
quiet-vibrator_broad-match_us_2026-06-23.xlsx,quiet vibrator,quiet vibrater,Commercial,110,"1.00,0.64,0.78,0.78,0.64,0.50,0.78,1.00,0.78,1.00,0.50,0.64",19,"Sitelinks, Related searches"
rabbit-vibrator_broad-match_us_2026-06-23.xlsx,rabbit vibrator,best rabbit vibrator,Commercial,1300,"0.83,0.83,0.83,1.00,1.00,0.83,0.83,0.83,0.83,0.83,0.83,0.83",27,"Sitelinks, AI Overview"
rabbit-vibrator_broad-match_us_2026-06-23.xlsx,rabbit vibrator,the rabbit vibrator,Commercial,1300,"0.76,0.76,1.00,1.00,1.00,0.76,1.00,1.00,1.00,0.76,0.76,1.00",47,"Sitelinks, Related searches"
rabbit-vibrator_broad-match_us_2026-06-23.xlsx,rabbit vibrator,best rabbit vibrators,Commercial,720,"0.72,0.72,0.88,1.00,1.00,0.72,0.88,0.88,0.88,0.72,0.72,0.72",28,"Sitelinks, AI Overview, Related searches"
rabbit-vibrator_broad-match_us_2026-06-23.xlsx,rabbit vibrator,how to use a rabbit vibrator,Informational,720,"0.74,0.74,0.74,0.74,0.59,0.59,0.59,0.59,0.59,1.00,0.48,0.48",17,"Sitelinks, People also ask"
rabbit-vibrator_broad-match_us_2026-06-23.xlsx,rabbit vibrator,best rabbit vibrater,Commercial,480,"0.16,0.29,0.19,0.06,0.16,0.10,0.29,0.07,0.07,1.00,0.24,0.37",21,"Sitelinks, AI Overview"
rabbit-vibrator_broad-match_us_2026-06-23.xlsx,rabbit vibrator,how to use rabbit vibrator,Informational,480,"1.00,1.00,1.00,0.80,0.80,0.65,0.65,0.55,0.65,0.80,0.65,0.55",19,"Sitelinks, AI Overview"
rabbit-vibrator_broad-match_us_2026-06-23.xlsx,rabbit vibrator,jack rabbit vibrator,Informational,480,"0.81,1.00,1.00,0.81,1.00,0.52,0.65,0.81,0.65,0.81,0.81,0.81",23,"Sitelinks, People also ask"
rabbit-vibrator_broad-match_us_2026-06-23.xlsx,rabbit vibrator,the rabbit vibrater,Commercial,480,"0.13,0.55,0.20,0.10,0.13,0.81,0.81,0.06,0.06,0.81,0.81,1.00",47,"Sitelinks, Related searches"
rabbit-vibrator_broad-match_us_2026-06-23.xlsx,rabbit vibrator,rabbit vibrater porn,Informational,390,"0.11,0.09,0.82,0.07,0.18,1.00,0.65,0.07,0.09,0.11,0.05,0.18",26,
rabbit-vibrator_broad-match_us_2026-06-23.xlsx,rabbit vibrator,pink rabbit vibrator,Commercial,320,"0.81,1.00,0.81,1.00,1.00,0.53,1.00,0.81,0.81,1.00,0.81,0.81",37,Sitelinks
rabbit-vibrator_broad-match_us_2026-06-23.xlsx,rabbit vibrator,thrusting rabbit vibrator,Commercial,320,"0.85,1.00,0.85,0.85,0.85,0.62,0.85,0.85,1.00,0.85,0.62,0.85",14,"Sitelinks, People also ask"
rabbit-vibrator_broad-match_us_2026-06-23.xlsx,rabbit vibrator,vibrator rabbit,Commercial,320,"0.82,1.00,1.00,0.82,0.66,0.53,0.66,0.66,0.66,1.00,0.66,0.66",53,"Sitelinks, People also ask"
rabbit-vibrator_broad-match_us_2026-06-23.xlsx,rabbit vibrator,dual rabbit vibrator,Informational,260,"0.05,0.06,0.06,0.10,1.00,0.10,0.08,0.10,0.10,0.13,0.08,0.08",31,"Sitelinks, People also ask, Related searches"
rabbit-vibrator_broad-match_us_2026-06-23.xlsx,rabbit vibrator,small rabbit vibrator,Commercial,260,"0.53,0.66,0.66,0.66,1.00,1.00,0.82,0.66,0.53,0.66,0.43,0.53",23,"Sitelinks, Related searches"
rabbit-vibrator_broad-match_us_2026-06-23.xlsx,rabbit vibrator,what is a rabbit vibrator,Informational,260,"0.53,1.00,0.66,0.82,0.66,0.53,0.82,0.53,0.82,0.53,0.53,0.53",36,"Sitelinks, AI Overview, People also ask"
rabbit-vibrator_broad-match_us_2026-06-23.xlsx,rabbit vibrator,rabbit vibrating ears,Commercial,210,"1.00,0.65,0.53,0.53,0.27,0.44,0.27,0.15,0.21,0.15,0.21,0.82",27,"Sitelinks, Video, People also ask"
rabbit-vibrator_broad-match_us_2026-06-23.xlsx,rabbit vibrator,rabbit vibrator eastern district,Informational,210,"1.00,0.00,0.00,0.00,0.00,0.00,0.00,0.00,0.00,0.00,0.00,0.01",15,"Sitelinks, AI Overview, Video, People also ask"
rabbit-vibrator_broad-match_us_2026-06-23.xlsx,rabbit vibrator,crystal rabbit vibrator,Commercial,170,"0.81,1.00,0.66,1.00,0.43,0.09,0.04,0.19,1.00,0.81,0.09,0.00",14,Sitelinks
rechargeable-vibrator_broad-match_us_2026-06-23.xlsx,rechargeable vibrator,rechargeable vibraters,Commercial,590,"0.00,0.10,0.07,0.02,0.02,0.29,0.05,0.05,0.07,0.12,1.00,0.66",21,"Sitelinks, Ads bottom"
rechargeable-vibrator_broad-match_us_2026-06-23.xlsx,rechargeable vibrator,rechargeable vibrator,Commercial,480,"0.53,0.80,0.80,1.00,0.80,0.67,0.80,1.00,0.80,0.80,0.67,0.67",32,Sitelinks
rechargeable-vibrator_broad-match_us_2026-06-23.xlsx,rechargeable vibrator,rechargeable bullet vibrator,Commercial,210,"0.52,0.65,1.00,0.80,1.00,1.00,0.65,0.52,0.43,0.52,1.00,0.52",24,Sitelinks
sex-toys-for-beginners_broad-match_us_2026-06-23.xlsx,sex toys for beginners,sex toys for beginners,Commercial,1300,"0.76,1.00,0.76,1.00,1.00,1.00,1.00,1.00,1.00,1.00,1.00,0.68",20,"Sitelinks, AI Overview"
sex-toys-for-beginners_broad-match_us_2026-06-23.xlsx,sex toys for beginners,best sex toys for beginners,Commercial,390,"0.80,0.80,1.00,1.00,0.65,1.00,1.00,0.50,0.65,0.65,0.65,0.10",14,"Sitelinks, AI Overview"
sex-toys-for-beginners_broad-match_us_2026-06-23.xlsx,sex toys for beginners,beginner sex toys for couples,Commercial,110,"0.01,0.02,0.12,0.09,0.12,0.06,0.09,0.09,0.12,0.12,0.15,1.00",18,"Sitelinks, Video"
sex-toys-for-beginners_broad-match_us_2026-06-23.xlsx,sex toys for beginners,anal sex toys for beginners,Informational,90,"0.35,0.63,1.00,0.63,0.63,0.78,1.00,0.63,0.63,0.35,0.35,0.35",19,"Sitelinks, AI Overview"
sex-toys-for-beginners_broad-match_us_2026-06-23.xlsx,sex toys for beginners,best sex toy for beginners,Commercial,50,"0.63,0.45,0.45,0.63,1.00,0.36,0.27,0.45,0.45,0.45,0.63,0.00",7,Sitelinks
sex-toys-for-beginners_broad-match_us_2026-06-23.xlsx,sex toys for beginners,best beginner sex toys for couples,Commercial,40,"0.22,0.22,0.33,0.33,0.33,1.00,0.77,0.33,0.55,0.44,0.77,0.33",24,Sitelinks
silicone-lube_broad-match_us_2026-06-23.xlsx,silicone lube,lube silicone,Commercial,3600,"0.00,0.00,0.00,0.00,0.00,0.54,0.81,1.00,0.81,0.00,0.00,0.19",23,"Sitelinks, Video, Video carousel, Short videos, People also ask, Related searches, Popular products"
silicone-lube_broad-match_us_2026-06-23.xlsx,silicone lube,silicone lube,Commercial,3600,"1.00,1.00,0.82,0.65,0.65,0.82,0.82,0.82,0.82,0.82,0.65,1.00",42,"Sitelinks, Video, People also ask, Related searches, Popular products"
silicone-lube_broad-match_us_2026-06-23.xlsx,silicone lube,silicone based lube,Informational,1900,"0.65,0.82,0.65,0.65,0.65,1.00,0.55,0.82,1.00,0.65,0.44,0.34",32,"Sitelinks, AI Overview, Image pack, Video, Short videos, People also ask, Related searches, Popular products"
silicone-lube_broad-match_us_2026-06-23.xlsx,silicone lube,silicone vs water based lube,"Informational, Commercial",1300,"1.00,0.56,0.44,0.67,0.67,0.67,0.76,0.37,0.76,0.76,0.67,0.76",20,"Sitelinks, AI Overview, Video carousel, Short videos, People also ask, Discussions and forums, Related searches"
silicone-lube_broad-match_us_2026-06-23.xlsx,silicone lube,best silicone lube,Commercial,880,"0.72,1.00,1.00,0.88,0.88,0.72,0.72,0.72,0.72,1.00,0.59,0.59",31,"Sitelinks, AI Overview, Video, People also ask, Related searches"
silicone-lube_broad-match_us_2026-06-23.xlsx,silicone lube,silicon lube,Informational,880,"0.52,0.69,0.31,0.46,0.69,0.46,0.46,0.46,0.38,1.00,0.19,0.13",45,"Sitelinks, Image, Video, People also ask, Discussions and forums, Related searches"
silicone-lube_broad-match_us_2026-06-23.xlsx,silicone lube,silicone lube spray,Commercial,720,"0.05,0.03,0.03,0.03,0.04,0.44,0.65,0.65,1.00,0.82,0.44,0.82",34,"Sitelinks, Image, Image pack, Video, Video carousel, People also ask, Discussions and forums, Related searches, Popular products"
silicone-lube_broad-match_us_2026-06-23.xlsx,silicone lube,super lube silicone grease,Informational,720,"0.59,0.72,0.72,0.88,1.00,0.88,1.00,0.72,0.72,0.72,1.00,1.00",33,"Sitelinks, Image, Image pack, Video, People also ask, Related searches, Popular products"
silicone-lube_broad-match_us_2026-06-23.xlsx,silicone lube,silicone lube for car windows,Informational,590,"0.05,0.10,0.20,0.08,0.45,0.81,0.81,1.00,0.81,1.00,0.13,0.30",23,"Sitelinks, AI Overview, Video, Video carousel, Short videos, People also ask, Related searches, Popular products"
silicone-lube_broad-match_us_2026-06-23.xlsx,silicone lube,super lube silicone lubricating grease,"Navigational, Transactional",590,"0.67,0.82,0.82,0.82,0.82,0.82,1.00,0.82,0.67,0.82,1.00,1.00",19,"Sitelinks, Video, People also ask, Knowledge panel, Discussions and forums, Related searches, Popular products"
silicone-lube_broad-match_us_2026-06-23.xlsx,silicone lube,water based lube vs silicone based,Commercial,590,"1.00,0.36,0.30,0.45,0.36,0.45,0.36,0.20,0.45,0.76,0.45,0.55",19,"Sitelinks, AI Overview, Video, Short videos, People also ask, Discussions and forums, Related searches"
silicone-lube_broad-match_us_2026-06-23.xlsx,silicone lube,best silicone based lube,Commercial,480,"0.30,0.30,0.36,0.36,0.24,0.30,1.00,0.24,0.30,0.45,0.55,0.36",20,"Sitelinks, AI Overview, Video, People also ask, Related searches, Popular products"
silicone-lube_broad-match_us_2026-06-23.xlsx,silicone lube,silicone based personal lube,Commercial,480,"0.16,0.24,0.36,0.45,1.00,0.24,0.55,0.20,0.45,0.00,0.02,0.03",26,"Sitelinks, AI Overview, Video, Video carousel, People also ask, Related searches, Popular products"
silicone-lube_broad-match_us_2026-06-23.xlsx,silicone lube,silicone lube for treadmill,Informational,480,"0.00,0.04,0.02,0.01,0.10,0.19,0.23,0.02,0.01,1.00,0.00,0.44",28,"Sitelinks, AI Overview, Video, Video carousel, People also ask, Related searches, Popular products"
silicone-lube_broad-match_us_2026-06-23.xlsx,silicone lube,silicone lube with silicone toys,Informational,480,"0.36,0.44,0.44,0.66,0.81,0.81,0.81,0.81,1.00,0.66,0.05,0.66",19,"Sitelinks, AI Overview, People also ask"
silicone-lube_broad-match_us_2026-06-23.xlsx,silicone lube,silicone personal lube,Commercial,480,"0.54,0.81,1.00,0.81,0.66,0.81,0.54,0.66,1.00,0.81,0.66,0.66",24,"Sitelinks, Video, Video carousel, People also ask, Popular products"
silicone-lube_broad-match_us_2026-06-23.xlsx,silicone lube,water vs silicone lube,"Informational, Commercial",480,"1.00,0.36,0.44,0.66,0.66,0.66,1.00,0.44,0.44,0.81,0.54,0.81",19,"Sitelinks, AI Overview, Video, Short videos, People also ask, Discussions and forums, Related searches"
silicone-lube_broad-match_us_2026-06-23.xlsx,silicone lube,3 in one rvcare slide out silicone lube,"Informational, Transactional",390,"0.81,0.66,1.00,0.66,0.44,0.81,0.81,0.28,0.18,0.44,0.44,0.54",21,"Sitelinks, Video, Video carousel, People also ask, Knowledge panel, Discussions and forums, Related searches, Popular products"
silicone-lube_broad-match_us_2026-06-23.xlsx,silicone lube,best lube for silicone toys,Commercial,390,"0.65,0.80,0.80,1.00,0.80,0.80,0.80,0.65,0.65,0.80,0.65,0.80",29,"Sitelinks, AI Overview, People also ask"
silicone-lube_broad-match_us_2026-06-23.xlsx,silicone lube,lube for silicone toys,Informational,390,"1.00,0.29,0.29,0.81,1.00,0.81,0.66,0.23,0.36,0.81,0.66,0.66",32,"Sitelinks, AI Overview, People also ask"
silicone-lube_broad-match_us_2026-06-23.xlsx,silicone lube,silicone anal lube,Commercial,390,"0.66,0.66,0.81,0.81,1.00,0.81,0.66,0.66,1.00,1.00,0.66,0.81",33,"Sitelinks, People also ask, Related searches"
silicone-lube_broad-match_us_2026-06-23.xlsx,silicone lube,silicone lube and condoms,Informational,390,"0.66,0.66,0.54,0.66,0.54,0.36,0.54,0.66,1.00,0.81,0.66,0.66",20,"Sitelinks, AI Overview, Video, People also ask, Related searches"
silicone-lube_broad-match_us_2026-06-23.xlsx,silicone lube,silicone lube sex,Informational,390,"0.54,0.54,0.29,0.19,1.00,0.81,0.54,0.54,0.81,0.19,0.15,0.36",28,"Sitelinks, AI Overview, People also ask"
silicone-lube_broad-match_us_2026-06-23.xlsx,silicone lube,silicone lube vs water based,"Informational, Commercial",390,"1.00,0.16,0.20,0.24,0.24,0.20,0.55,0.67,0.16,0.00,0.06,0.08",17,"Sitelinks, AI Overview, Video, Video carousel, Short videos, People also ask, Discussions and forums, Related searches"
silicone-lube_broad-match_us_2026-06-23.xlsx,silicone lube,silicone lube vs water based lube,"Informational, Commercial",390,"0.04,0.29,0.54,0.44,0.54,1.00,0.19,0.36,0.54,1.00,0.67,0.81",17,"Sitelinks, AI Overview, Video, People also ask, Discussions and forums, Related searches"
silicone-lube_broad-match_us_2026-06-23.xlsx,silicone lube,silicone or water based lube,Informational,390,"1.00,0.67,0.67,0.81,0.67,0.54,0.67,0.67,0.67,0.67,0.44,0.67",18,"Sitelinks, AI Overview, Video, Video carousel, Short videos, People also ask, Discussions and forums, Related searches, Popular products"
silicone-lube_broad-match_us_2026-06-23.xlsx,silicone lube,water based vs silicone based lube,"Informational, Commercial",390,"1.00,0.28,0.36,0.44,0.44,0.44,0.36,0.44,0.44,0.15,0.44,0.81",16,"Sitelinks, AI Overview, Video, Short videos, People also ask, Discussions and forums, Related searches"
silicone-lube_broad-match_us_2026-06-23.xlsx,silicone lube,3 in 1 rv care slide out silicone lube,"Informational, Transactional",320,"0.54,1.00,0.81,0.66,0.54,0.44,0.29,0.15,0.12,0.19,0.29,0.15",15,"Sitelinks, Video, Video carousel, Short videos, People also ask, Knowledge panel, Discussions and forums, Related searches, Popular products"
silicone-lube_broad-match_us_2026-06-23.xlsx,silicone lube,silicone based anal lube,Informational,320,"0.05,0.04,0.11,0.08,0.08,0.20,0.08,0.07,1.00,0.37,0.20,0.20",26,"Sitelinks, AI Overview, People also ask"
silicone-lube_broad-match_us_2026-06-23.xlsx,silicone lube,silicone lube condoms,"Informational, Commercial",320,"0.36,0.05,0.36,0.36,0.54,0.54,0.54,0.66,1.00,0.81,0.54,0.54",27,"Sitelinks, AI Overview, Video, People also ask, Discussions and forums, Related searches"
silicone-lube_broad-match_us_2026-06-23.xlsx,silicone lube,silicone lube for sex,Informational,320,"0.08,0.66,0.44,0.28,0.66,1.00,0.81,0.81,1.00,0.18,0.44,0.44",25,"Sitelinks, AI Overview, Video, People also ask, Related searches"
silicone-lube_broad-match_us_2026-06-23.xlsx,silicone lube,silicone lube walmart,"Informational, Transactional",320,"0.43,0.66,0.81,0.66,1.00,0.81,0.81,0.81,1.00,0.81,0.43,0.66",29,"Sitelinks, Image, Image pack, Related searches, Popular products"
silicone-lube_broad-match_us_2026-06-23.xlsx,silicone lube,silicone vs water lube,"Informational, Commercial",320,"0.29,0.67,0.24,0.29,0.24,0.54,0.44,1.00,0.54,0.29,0.10,0.29",16,"Sitelinks, AI Overview, Image pack, Short videos, People also ask, Discussions and forums, Related searches"
silicone-lube_broad-match_us_2026-06-23.xlsx,silicone lube,super lube 92003 silicone lubricating grease with ptfe,Informational,320,"0.54,0.54,0.54,0.67,0.81,0.43,0.67,0.81,1.00,0.81,1.00,0.81",20,"Sitelinks, Image pack, Video, Knowledge panel, Related searches"
silicone-lube_broad-match_us_2026-06-23.xlsx,silicone lube,astroglide silicone lube,Informational,260,"0.42,0.53,0.53,0.67,0.67,0.53,1.00,1.00,0.82,0.82,0.82,1.00",28,"Image, Image pack, Video, Video carousel, People also ask, Knowledge panel, Discussions and forums, Related searches"
silicone-lube_broad-match_us_2026-06-23.xlsx,silicone lube,best lube for silicone,Commercial,260,"1.00,0.52,0.79,1.00,0.79,0.79,0.66,0.52,0.66,0.66,0.52,0.79",23,"Sitelinks, AI Overview, Discussions and forums, Related searches"
silicone-lube_broad-match_us_2026-06-23.xlsx,silicone lube,silicon based lube,Informational,260,"0.04,0.09,0.10,0.09,0.09,0.13,0.29,0.10,0.20,1.00,0.20,0.67",32,"Sitelinks, AI Overview, Image, Video, People also ask, Discussions and forums, Related searches, Popular products, Ads bottom"
silicone-lube_broad-match_us_2026-06-23.xlsx,silicone lube,silicone based vs water based lube,"Informational, Commercial",260,"0.66,0.29,0.35,0.35,0.43,0.43,0.54,0.54,0.54,0.43,0.54,1.00",18,"Sitelinks, AI Overview, Video carousel, Short videos, People also ask, Discussions and forums, Related searches"
silicone-lube_broad-match_us_2026-06-23.xlsx,silicone lube,silicone lubes,Informational,260,"0.55,0.15,0.55,0.65,0.80,1.00,1.00,0.65,0.80,0.35,1.00,0.35",23,"Sitelinks, AI Overview, People also ask, Related searches"
silicone-lube_broad-match_us_2026-06-23.xlsx,silicone lube,silicone sex lube,Commercial,260,"0.13,1.00,0.13,0.16,0.16,0.13,0.13,0.16,0.13,0.16,0.13,0.16",26,"Sitelinks, AI Overview, Video, People also ask, Related searches"
silicone-lube_broad-match_us_2026-06-23.xlsx,silicone lube,silicone-based lube,Informational,260,"0.01,0.07,0.04,0.08,0.03,0.04,1.00,0.13,0.13,0.01,0.47,0.72",23,"Sitelinks, AI Overview, Video, People also ask, Related searches, Popular products"
silicone-lube_broad-match_us_2026-06-23.xlsx,silicone lube,uberlube silicone lube,Informational,260,"0.08,0.08,0.18,0.15,0.28,0.15,0.35,0.44,1.00,0.81,0.66,1.00",17,"Sitelinks, AI Overview, Image, Video, Video carousel, People also ask, Knowledge panel, Related searches, Popular products"
silicone-lube_broad-match_us_2026-06-23.xlsx,silicone lube,best silicone personal lube,Commercial,210,"1.00,0.65,0.80,1.00,0.80,0.65,0.53,0.42,0.53,0.53,0.42,0.53",29,"Sitelinks, AI Overview, Video, Video carousel, Related searches, Popular products"
silicone-lube_broad-match_us_2026-06-23.xlsx,silicone lube,dry silicone lube,Commercial,210,"0.43,0.35,0.35,0.54,0.67,0.43,0.43,0.67,0.43,1.00,0.81,0.22",26,"Sitelinks, Image, Video, Video carousel, People also ask, Discussions and forums, Popular products"
silicone-lube_broad-match_us_2026-06-23.xlsx,silicone lube,how to clean silicone lube,Informational,210,"0.81,1.00,1.00,1.00,0.81,0.81,0.81,1.00,1.00,1.00,0.81,0.66",17,"Sitelinks, AI Overview, Video, Video carousel, Short videos, People also ask, Related searches"
silicone-lube_broad-match_us_2026-06-23.xlsx,silicone lube,is silicone lube safe,Informational,210,"1.00,0.64,0.64,0.64,0.64,0.52,0.52,0.52,0.80,0.52,0.52,0.64",19,"Sitelinks, AI Overview, Video, Video carousel, Discussions and forums, Related searches"
silicone-lube_broad-match_us_2026-06-23.xlsx,silicone lube,lube silicone vs water,"Informational, Commercial",210,"0.23,1.00,0.52,0.34,0.27,0.43,0.82,0.16,0.27,0.27,0.27,0.52",19,"Sitelinks, AI Overview, Video, Video carousel, People also ask, Discussions and forums, Related searches"
silicone-lube_broad-match_us_2026-06-23.xlsx,silicone lube,silicone lube and silicone toys,Informational,210,"0.12,0.44,0.12,1.00,0.23,0.36,0.23,0.23,0.29,0.29,0.19,0.36",18,"Sitelinks, AI Overview, Video, People also ask"
silicone-lube_broad-match_us_2026-06-23.xlsx,silicone lube,silicone lube for silicone toys,Informational,210,"0.19,1.00,0.06,0.09,0.54,0.15,0.44,0.12,0.36,0.29,0.23,0.36",16,"Sitelinks, AI Overview, People also ask"
silicone-lube_broad-match_us_2026-06-23.xlsx,silicone lube,silicone lube on condoms,Informational,210,"0.23,0.54,0.35,0.15,0.23,0.54,0.81,0.11,0.18,1.00,0.81,1.00",23,"Sitelinks, AI Overview, Video, People also ask, Related searches"
silicone-lube_broad-match_us_2026-06-23.xlsx,silicone lube,super lube o ring silicone grease,"Informational, Transactional",210,"0.23,0.15,0.54,0.81,0.54,0.11,0.35,0.28,0.54,0.15,0.23,1.00",26,"Sitelinks, Image, Video, People also ask, Knowledge panel, Discussions and forums, Related searches, Popular products"
silicone-lube_broad-match_us_2026-06-23.xlsx,silicone lube,super lube silicone oil,"Informational, Transactional",210,"0.33,0.44,0.33,1.00,0.82,0.44,0.53,0.53,0.44,0.82,0.82,0.82",15,"Sitelinks, Image, Video, Discussions and forums, Related searches, Popular products"
silicone-lube_broad-match_us_2026-06-23.xlsx,silicone lube,swiss navy lube silicone,Informational,210,"0.06,0.06,0.05,0.44,0.15,0.12,0.19,0.19,0.29,1.00,0.66,0.19",26,"Sitelinks, Image, Video, People also ask, Knowledge panel, Related searches"
vibrators-for-beginners_broad-match_us_2026-06-23.xlsx,vibrators for beginners,vibration plate for beginners,Informational,720,"0.05,0.05,0.20,0.20,0.20,0.10,0.07,0.20,0.54,1.00,0.05,0.03",23,"Sitelinks, AI Overview, Image, Image pack, Video, Video carousel, Short videos, People also ask, Discussions and forums, Related searches"
vibrators-for-beginners_broad-match_us_2026-06-23.xlsx,vibrators for beginners,vibration plates for beginners,Informational,720,"0.00,0.00,0.00,0.00,0.00,0.00,0.00,0.00,0.00,0.00,1.00,0.66",46,"Sitelinks, AI Overview, Video, Video carousel, Short videos, People also ask, Related searches"
vibrators-for-beginners_broad-match_us_2026-06-23.xlsx,vibrators for beginners,vibration plate exercises for beginners,Informational,480,"0.30,0.30,0.20,0.13,0.16,0.16,0.20,0.24,1.00,0.81,0.45,0.36",15,"Sitelinks, Image, Image pack, Video, Video carousel, Related searches"
vibrators-for-beginners_broad-match_us_2026-06-23.xlsx,vibrators for beginners,vibrators for beginners,Informational,390,"0.81,1.00,0.81,1.00,0.81,1.00,1.00,1.00,0.81,1.00,0.81,0.44",23,"Sitelinks, AI Overview, Video"
vibrators-for-beginners_broad-match_us_2026-06-23.xlsx,vibrators for beginners,best vibrators for beginners,Commercial,320,"0.67,0.55,0.67,1.00,1.00,0.82,0.82,0.82,0.67,0.67,0.67,0.44",31,"Sitelinks, AI Overview, Video, Related searches"
vibrators-for-beginners_broad-match_us_2026-06-23.xlsx,vibrators for beginners,best vibrator for beginners,Commercial,210,"0.81,0.81,0.81,1.00,0.81,1.00,1.00,0.81,0.81,1.00,0.81,0.81",28,"Sitelinks, AI Overview, People also ask"
wand-massager_broad-match_us_2026-06-23.xlsx,wand massager,magic wand plus personal massager authentic power adapter,Commercial,2400,1.00,13,"Sitelinks, Video, Related searches, Popular products"
wand-massager_broad-match_us_2026-06-23.xlsx,wand massager,wand massager,"Informational, Commercial",2400,"0.44,0.54,0.54,0.35,0.44,0.35,0.19,0.44,0.67,0.54,0.35,1.00",34,"Sitelinks, AI Overview, Image pack, Video, People also ask, Related searches, Popular products"
wand-massager_broad-match_us_2026-06-23.xlsx,wand massager,massage wand,Commercial,1900,"1.00,1.00,1.00,1.00,1.00,0.87,0.67,1.00,1.00,1.00,0.67,0.87",31,"Sitelinks, AI Overview, Image, Image pack, Video, Video carousel, People also ask, Related searches, Popular products"
wand-massager_broad-match_us_2026-06-23.xlsx,wand massager,perineal massage wand,Informational,1300,"0.45,0.81,0.81,1.00,0.81,0.81,0.62,0.81,1.00,0.55,0.62,0.45",18,"Sitelinks, AI Overview, Image, Image pack, Video, People also ask, Discussions and forums, Related searches, Popular products"
wand-massager_broad-match_us_2026-06-23.xlsx,wand massager,hitachi wand massager,Informational,720,"0.05,0.25,0.10,0.20,0.20,1.00,0.13,0.16,1.00,0.16,0.84,0.25",46,"Sitelinks, People also ask, Discussions and forums"
wand-massager_broad-match_us_2026-06-23.xlsx,wand massager,hitachi wand massager attachments,"Informational, Commercial",720,"0.45,0.76,0.76,0.13,0.55,1.00,0.13,0.02,0.05,0.05,0.13,0.10",13,"Sitelinks, Discussions and forums"
wand-massager_broad-match_us_2026-06-23.xlsx,wand massager,magic wand massager,Informational,720,"0.48,0.60,0.71,0.48,0.71,0.71,0.60,0.71,1.00,0.88,0.71,0.71",39,"Sitelinks, People also ask, Discussions and forums, Related searches"
wand-massager_broad-match_us_2026-06-23.xlsx,wand massager,frida mom prepare-to-push perineal massage wand,Informational,590,"0.16,0.45,0.76,1.00,1.00,1.00,0.36,0.20,0.08,0.13,0.10,0.20",32,"Sitelinks, Video, Short videos, People also ask, Knowledge panel, Discussions and forums, Related searches"
wand-massager_broad-match_us_2026-06-23.xlsx,wand massager,massager wand,Informational,590,"0.20,0.10,0.10,0.40,0.10,0.10,1.00,0.10,0.30,0.10,0.10,0.00",34,"Sitelinks, Video, Related searches"
wand-massager_broad-match_us_2026-06-23.xlsx,wand massager,massage wands,Commercial,480,"0.08,0.06,0.00,0.28,0.61,0.56,1.00,0.36,0.44,0.56,0.44,0.56",15,"Sitelinks, Image, Image pack, Video, Video carousel, People also ask, Related searches, Popular products"
wand-massager_broad-match_us_2026-06-23.xlsx,wand massager,massage wand cordless,Commercial,390,"0.15,0.19,1.00,0.44,0.66,0.44,1.00,1.00,0.81,0.36,0.36,0.23",18,"Sitelinks, Image, Image pack, Video, Video carousel, People also ask, Related searches"
wand-massager_broad-match_us_2026-06-23.xlsx,wand massager,original magic wand massager,Commercial,390,"0.24,0.16,0.20,0.30,0.24,0.30,0.20,0.30,1.00,0.36,0.36,0.45",38,"Sitelinks, Image pack, Video, Video carousel, People also ask, Related searches, Popular products"
wand-massager_broad-match_us_2026-06-23.xlsx,wand massager,back massager wand,Commercial,320,"0.44,0.54,0.54,0.54,0.67,0.54,0.67,0.67,1.00,0.67,0.81,0.67",23,"Sitelinks, Image, Image pack, Video, People also ask, Discussions and forums, Related searches"
wand-massager_broad-match_us_2026-06-23.xlsx,wand massager,cordless magic wand massager,Informational,320,"0.18,0.18,0.66,0.54,0.66,0.54,0.66,1.00,0.81,0.44,0.44,0.23",37,"Sitelinks, Video, People also ask, Related searches"
wand-massager_broad-match_us_2026-06-23.xlsx,wand massager,cordless wand massager,Commercial,320,"0.15,0.15,0.66,0.54,0.66,0.44,0.81,1.00,0.81,0.36,0.36,0.23",22,"Sitelinks, Image, Image pack, Video, Video carousel, Discussions and forums, Related searches, Popular products"
wand-massager_broad-match_us_2026-06-23.xlsx,wand massager,frida perineal massage wand,"Informational, Transactional",320,"0.43,0.66,0.81,1.00,0.81,0.81,0.54,0.66,0.54,0.22,0.18,0.22",29,"Sitelinks, Image pack, Video, Short videos, People also ask, Knowledge panel, Discussions and forums, Related searches"
wand-massager_broad-match_us_2026-06-23.xlsx,wand massager,personal massager wand,Commercial,320,"0.35,0.35,0.43,0.35,0.54,0.68,0.30,0.19,1.00,0.43,0.35,0.35",22,"Sitelinks, Image pack, Video carousel, People also ask, Related searches"
wand-massager_broad-match_us_2026-06-23.xlsx,wand massager,wand massagers,Commercial,320,"0.06,0.13,0.00,0.50,1.00,1.00,0.13,0.19,0.25,0.19,0.13,0.31",37,"Sitelinks, Image, Image pack, Video, Video carousel, People also ask, Related searches, Popular products"
wand-massager_broad-match_us_2026-06-23.xlsx,wand massager,wand vibration massager charger,"Informational, Commercial",320,"0.81,0.67,0.81,1.00,1.00,0.81,0.54,0.81,1.00,1.00,0.54,0.17",24,"Sitelinks, Image pack, Video, People also ask, Related searches, Popular products"
wand-massager_broad-match_us_2026-06-23.xlsx,wand massager,best wand massager,Commercial,260,"0.54,0.54,0.67,0.54,0.54,0.54,0.54,0.67,1.00,0.81,0.67,0.81",26,"Sitelinks, AI Overview, Image, Image pack, Video, Video carousel, People also ask, Discussions and forums"
wand-massager_broad-match_us_2026-06-23.xlsx,wand massager,hitachi magic wand massager price,Transactional,260,"0.06,0.36,0.10,0.08,0.08,0.16,0.13,0.16,0.36,0.62,1.00,0.00",47,"Sitelinks, AI Overview, People also ask, Related searches"
wand-massager_broad-match_us_2026-06-23.xlsx,wand massager,magic wand personal massager,Informational,260,"0.36,0.36,0.29,0.29,0.54,0.23,0.29,0.19,1.00,0.19,0.15,0.15",37,"Sitelinks, Knowledge panel, Discussions and forums, Related searches"
wand-massager_broad-match_us_2026-06-23.xlsx,wand massager,body wand massager,"Informational, Transactional",210,"0.43,0.35,0.53,1.00,0.66,0.53,0.66,0.66,0.82,0.82,0.53,0.53",24,"Sitelinks, Video, Related searches"
water-based-lube_broad-match_us_2026-06-23.xlsx,water based lube,water based lube,"Informational, Commercial",18100,"0.66,0.54,0.54,0.29,0.44,0.66,0.54,0.66,0.81,1.00,0.54,0.81",32,"Sitelinks, AI Overview, Video, People also ask, Related searches, Popular products"
water-based-lube_broad-match_us_2026-06-23.xlsx,water based lube,water based lube condoms,Informational,9900,"0.00,0.00,0.00,0.00,0.00,0.00,1.00,0.00,0.00,0.66,0.44,0.00",24,"Sitelinks, AI Overview, Image, Video, People also ask, Related searches"
water-based-lube_broad-match_us_2026-06-23.xlsx,water based lube,water-based lubricant lube,Informational,8100,"0.00,0.00,0.00,0.00,0.00,0.00,0.66,0.00,0.81,0.00,0.81,1.00",32,"Sitelinks, AI Overview, Video, People also ask, Related searches"
water-based-lube_broad-match_us_2026-06-23.xlsx,water based lube,best water based lube,Commercial,3600,"0.65,0.65,0.65,0.65,0.65,0.65,0.65,0.65,0.82,1.00,0.82,0.65",49,"Sitelinks, AI Overview, Video, People also ask, Related searches, Popular products"
water-based-lube_broad-match_us_2026-06-23.xlsx,water based lube,water based lubricant lube,Informational,2900,"0.01,0.01,0.00,0.01,0.01,0.00,0.00,0.00,0.00,1.00,0.00,0.00",28,"Sitelinks, AI Overview, People also ask, Related searches"
water-based-lube_broad-match_us_2026-06-23.xlsx,water based lube,water based personal lube,Informational,2900,"0.04,0.02,0.01,0.03,0.01,0.01,0.00,0.00,0.00,1.00,0.02,0.01",40,"Sitelinks, AI Overview, Video, People also ask, Related searches"
water-based-lube_broad-match_us_2026-06-23.xlsx,water based lube,water based lubes,"Informational, Commercial",2400,"1.00,0.35,0.29,0.66,0.44,0.29,0.29,0.16,0.35,0.29,0.35,0.35",45,"Sitelinks, AI Overview, Image pack, Video, Video carousel, Short videos, People also ask, Related searches, Popular products"
water-based-lube_broad-match_us_2026-06-23.xlsx,water based lube,water based anal lube,Informational,1600,"0.30,0.30,0.54,1.00,0.66,0.54,0.36,0.36,1.00,1.00,0.54,0.79",26,"Sitelinks, AI Overview, Video, Related searches"
water-based-lube_broad-match_us_2026-06-23.xlsx,water based lube,water based lube sex,Commercial,1600,"0.00,0.01,0.02,0.00,0.00,0.00,0.00,0.00,0.00,1.00,0.00,0.00",39,"Sitelinks, Video, People also ask"
water-based-lube_broad-match_us_2026-06-23.xlsx,water based lube,water base lube,Commercial,1300,"0.27,0.66,0.20,1.00,0.13,0.16,0.20,0.10,0.80,0.80,0.16,0.16",43,"Sitelinks, AI Overview, Image, Video, Video carousel, Discussions and forums, Related searches, Popular products"
water-based-lube_broad-match_us_2026-06-23.xlsx,water based lube,best water based lubes,Commercial,1000,"0.55,0.62,0.62,1.00,0.55,0.62,0.62,0.62,0.62,0.62,0.62,1.00",32,"Sitelinks, AI Overview, Video, People also ask, Related searches"
water-based-lube_broad-match_us_2026-06-23.xlsx,water based lube,water based lube and pregnancy,Informational,880,"0.00,0.00,0.00,0.00,0.03,0.03,0.10,0.44,0.52,0.36,1.00,0.27",36,"Sitelinks, AI Overview, Video, People also ask, Discussions and forums, Related searches"
water-based-lube_broad-match_us_2026-06-23.xlsx,water based lube,water based lube for anal,Informational,880,"0.31,0.37,0.25,1.00,0.52,0.52,0.16,0.31,0.68,0.68,0.37,0.31",19,"Sitelinks, AI Overview, Video, People also ask, Related searches"
water-based-lube_broad-match_us_2026-06-23.xlsx,water based lube,water based lube cvs,Navigational,720,"0.55,0.65,0.65,0.82,1.00,1.00,1.00,0.82,0.82,1.00,0.82,1.00",28,"Sitelinks, Video, People also ask, Related searches"
water-based-lube_broad-match_us_2026-06-23.xlsx,water based lube,water based sex lube,Informational,590,"0.36,1.00,0.45,0.45,0.36,0.36,0.55,0.36,0.55,1.00,0.76,0.76",38,"Sitelinks, AI Overview, People also ask, Discussions and forums, Related searches"
water-based-lube_broad-match_us_2026-06-23.xlsx,water based lube,water-based creamy lube,"Informational, Transactional",590,"0.20,0.20,0.20,0.20,0.20,0.20,1.00,0.20,0.20,0.01,0.00,0.00",28,"Sitelinks, Video, People also ask, Discussions and forums"
water-based-lube_broad-match_us_2026-06-23.xlsx,water based lube,water-based creamy lube bulk,Commercial,590,"1.00,0.00,0.00,0.00",25,"Sitelinks, Video, People also ask, Related searches, Popular products"
water-based-lube_broad-match_us_2026-06-23.xlsx,water based lube,astroglide water based lube,Informational,480,"0.05,0.16,0.37,0.46,0.11,1.00,0.11,0.37,0.20,0.08,0.07,0.13",36,"Image pack, Video, Video carousel, Discussions and forums, Related searches"
water-based-lube_broad-match_us_2026-06-23.xlsx,water based lube,ky lube water based,Commercial,480,"0.26,0.32,0.26,0.26,0.32,1.00,0.88,0.17,0.09,0.39,0.39,0.26",35,"Video, People also ask, Discussions and forums, Related searches"
water-based-lube_broad-match_us_2026-06-23.xlsx,water based lube,water base lub,Commercial,480,"0.00,0.00,0.00,0.00,0.00,0.00,1.00,0.00,0.00,0.00,0.00,0.00",37,"Sitelinks, Video, People also ask, Related searches, Popular products"
water-based-lube_broad-match_us_2026-06-23.xlsx,water based lube,water based lube for sensitive skin,Informational,480,"0.32,0.26,0.48,0.26,0.39,0.59,0.59,1.00,0.72,0.59,0.39,0.59",18,"Sitelinks, AI Overview, Video, People also ask, Related searches, Popular products"
water-based-lube_broad-match_us_2026-06-23.xlsx,water based lube,water based lube walmart,Navigational,480,"0.54,0.83,0.54,0.83,0.67,0.67,0.54,0.83,0.67,1.00,0.67,0.83",31,"Sitelinks, Video, People also ask, Related searches"
water-based-lube_broad-match_us_2026-06-23.xlsx,water based lube,lube water based,"Informational, Commercial",390,"1.00,0.66,0.54,0.54,0.81,0.54,0.54,0.54,0.66,0.54,0.66,0.66",33,"Sitelinks, AI Overview, Image pack, Video, Video carousel, People also ask, Related searches, Popular products"
water-based-lube_broad-match_us_2026-06-23.xlsx,water based lube,lubelife water based lube,Commercial,390,"0.01,0.01,0.52,0.16,1.00,0.16,0.07,0.52,0.00,0.68,0.04,0.46",34,"Sitelinks, Image, Video, Video carousel, People also ask, Discussions and forums, Related searches"
water-based-lube_broad-match_us_2026-06-23.xlsx,water based lube,natural water based lube,Informational,390,"0.66,0.66,0.81,0.81,0.81,0.66,0.81,0.66,0.81,1.00,0.66,1.00",31,"Sitelinks, AI Overview, Image, Video, People also ask, Discussions and forums, Related searches, Popular products"
water-based-lube_broad-match_us_2026-06-23.xlsx,water based lube,water based lube for women,Informational,390,"0.67,1.00,0.19,0.44,0.36,0.15,0.44,0.29,0.29,0.67,0.36,0.29",40,"Sitelinks, AI Overview, Video, Video carousel, People also ask, Related searches, Popular products"
water-based-lube_broad-match_us_2026-06-23.xlsx,water based lube,water based lube near me,Transactional,390,"0.66,0.35,0.54,0.66,0.66,0.66,1.00,0.66,0.66,0.66,0.66,0.81",29,"Sitelinks, Image, Video, People also ask, Local pack, Related searches"
water-based-lube_broad-match_us_2026-06-23.xlsx,water based lube,aloe cadabra natural aloe water based lube,Commercial,320,"0.81,1.00,0.44,0.28,0.35,0.23,0.08,0.11,0.00,0.00,0.00,0.01",25,"Sitelinks, Image, Video, Video carousel, People also ask, Related searches"
water-based-lube_broad-match_us_2026-06-23.xlsx,water based lube,best water based sex lube,Commercial,320,"0.66,0.82,1.00,1.00,1.00,0.82,0.82,0.82,1.00,1.00,1.00,1.00",29,"Sitelinks, Image, Video, Video carousel, People also ask, Related searches, Popular products"
water-based-lube_broad-match_us_2026-06-23.xlsx,water based lube,glycerin free water based lube,Informational,320,"0.19,0.19,0.23,0.23,0.29,0.23,0.54,0.66,0.81,1.00,0.36,0.44",22,"Sitelinks, AI Overview, Video, People also ask, Related searches, Popular products"
water-based-lube_broad-match_us_2026-06-23.xlsx,water based lube,walgreens water based lube,"Navigational, Commercial",320,"0.28,0.35,0.44,0.81,1.00,0.54,0.54,0.66,0.66,0.81,0.54,0.44",27,"Sitelinks, Image, People also ask, Related searches"
water-based-lube_broad-match_us_2026-06-23.xlsx,water based lube,water based lube for sex,Commercial,320,"0.11,0.19,0.23,1.00,0.67,0.67,0.44,0.67,0.67,0.36,0.11,0.81",31,"Sitelinks, AI Overview, Image, Video carousel, Short videos, Discussions and forums, Related searches, Popular products"
water-based-lube_broad-match_us_2026-06-23.xlsx,water based lube,what is water based lube,"Informational, Commercial",320,"0.81,0.81,0.43,1.00,0.29,0.66,0.43,0.54,0.43,1.00,0.81,0.66",16,"Sitelinks, AI Overview, Video, Video carousel, Short videos, People also ask, Discussions and forums, Related searches"
water-based-lube_broad-match_us_2026-06-23.xlsx,water based lube,cvs water based lube,"Navigational, Transactional",260,"0.35,0.54,0.43,0.67,0.35,1.00,0.19,0.22,0.19,0.54,0.19,0.19",27,"Sitelinks, Video, People also ask, Related searches"
water-based-lube_broad-match_us_2026-06-23.xlsx,water based lube,lelo personal moisturizer water based lube,Informational,260,"0.10,0.45,0.36,0.30,1.00,0.05,0.03,0.01,0.00,0.01,0.01,0.01",27,"Sitelinks, People also ask, Knowledge panel, Related searches"
water-based-lube_broad-match_us_2026-06-23.xlsx,water based lube,lube life water based personal lubricant,Commercial,260,"0.16,0.25,1.00,0.16,0.16,0.00,0.00,0.00,0.00,0.00,0.00,0.00",31,"Sitelinks, Video, People also ask, Discussions and forums, Related searches, Ads bottom"
water-based-lube_broad-match_us_2026-06-23.xlsx,water based lube,lubelife water-based lube,Commercial,260,"0.00,0.03,0.03,0.03,0.03,0.04,0.44,0.03,1.00,0.16",23,"Sitelinks, Image, Video, Video carousel, Discussions and forums"
water-based-lube_broad-match_us_2026-06-23.xlsx,water based lube,organic water based lube,Commercial,260,"0.81,0.81,0.81,0.53,0.81,1.00,0.81,1.00,0.81,1.00,0.81,0.64",32,"Sitelinks, Video, People also ask, Related searches, Popular products"
water-based-lube_broad-match_us_2026-06-23.xlsx,water based lube,water based lube walgreens,"Navigational, Transactional",260,"0.35,0.54,0.66,0.81,1.00,0.43,0.43,0.81,0.81,1.00,0.66,0.43",27,"Sitelinks, Image, People also ask, Related searches"
water-based-lube_broad-match_us_2026-06-23.xlsx,water based lube,water based vaginal lube,Commercial,260,"0.00,0.00,0.00,0.00,0.20,0.20,0.00,0.40,0.40,1.00,0.00,0.00",39,"Sitelinks, Image, Video, Video carousel, People also ask, Discussions and forums, Related searches"
water-based-lube_broad-match_us_2026-06-23.xlsx,water based lube,water based warming lube,Informational,260,"0.19,0.15,0.19,0.36,0.44,0.44,0.29,0.44,1.00,0.81,0.36,0.29",17,"Sitelinks, AI Overview, Video, People also ask, Related searches"
water-based-lube_broad-match_us_2026-06-23.xlsx,water based lube,water-based lube,Informational,260,"0.01,0.02,0.02,0.02,0.02,0.03,0.03,0.02,0.01,0.03,1.00,0.03",25,"Sitelinks, AI Overview, Image, Video carousel, People also ask, Discussions and forums, Related searches"
water-based-lube_broad-match_us_2026-06-23.xlsx,water based lube,aloe cadabra natural aloe water-based lube,Commercial,210,"1.00,0.11,0.02,0.01,0.01,0.01,0.03,0.01,0.03,0.01,0.03,0.05",27,"Sitelinks, Video, People also ask, Related searches, Popular products"
water-based-lube_broad-match_us_2026-06-23.xlsx,water based lube,best water based lube for anal,Commercial,210,"0.65,0.80,0.80,1.00,0.65,1.00,0.80,0.80,1.00,0.80,1.00,0.80",16,"Sitelinks, AI Overview, Video, Related searches"
water-based-lube_broad-match_us_2026-06-23.xlsx,water based lube,best water based lube for sensitive skin,Commercial,210,"1.00,0.23,0.13,0.18,0.18,0.13,0.13,0.13,0.18,0.28,0.13,0.36",16,"Sitelinks, AI Overview, Video, People also ask, Related searches"
water-based-lube_broad-match_us_2026-06-23.xlsx,water based lube,best water based lube reddit,Navigational,210,"0.81,0.65,0.65,0.81,1.00,0.65,0.81,0.81,1.00,1.00,0.81,0.65",27,Related searches
water-based-lube_broad-match_us_2026-06-23.xlsx,water based lube,flavored water based lube,Informational,210,"0.23,0.28,0.54,0.23,0.35,0.18,0.23,0.66,1.00,0.28,0.18,0.15",19,"Sitelinks, AI Overview, Video, Discussions and forums, Related searches"
water-based-lube_broad-match_us_2026-06-23.xlsx,water based lube,is ky lube water based,Informational,210,"0.42,1.00,0.35,0.35,0.67,0.23,0.82,0.12,0.53,0.42,0.35,0.53",25,"Sitelinks, AI Overview, Video, Video carousel, Short videos, People also ask, Related searches"
water-based-lube_broad-match_us_2026-06-23.xlsx,water based lube,is water based lube better,Informational,210,"1.00,0.27,0.27,0.27,0.27,0.22,0.22,0.12,0.12,0.17,0.17,0.17",24,"Featured snippet, Sitelinks, Video, Video carousel, Short videos, People also ask, Related searches"
water-based-lube_broad-match_us_2026-06-23.xlsx,water based lube,is water based lube edible,Informational,210,"1.00,0.65,0.54,0.80,0.54,0.54,0.54,0.54,0.65,0.54,0.41,0.54",15,"Sitelinks, AI Overview, People also ask, Discussions and forums, Related searches"
water-based-lube_broad-match_us_2026-06-23.xlsx,water based lube,ky water based lube,Commercial,210,"0.29,0.29,0.35,0.43,0.35,0.29,0.35,0.29,0.35,1.00,0.35,0.35",25,"Sitelinks, Image, Video, Video carousel, People also ask, Related searches"
water-based-lube_broad-match_us_2026-06-23.xlsx,water based lube,oil vs water based lube,"Informational, Commercial",210,"0.65,0.65,0.53,0.80,0.53,0.53,0.53,0.65,0.65,1.00,0.80,0.65",16,"Sitelinks, AI Overview, Video, People also ask, Discussions and forums, Related searches"
water-based-lube_broad-match_us_2026-06-23.xlsx,water based lube,slippery stuff water based lube,Commercial,210,"0.01,0.45,1.00,0.03,0.03,0.05,0.06,0.03,0.03,0.03,0.08,0.16",20,"Sitelinks, Image, Video, Related searches"
water-based-lube_broad-match_us_2026-06-23.xlsx,water based lube,water based cbd lube,Commercial,210,"0.04,0.04,0.07,0.19,0.54,1.00,0.12,0.09,0.19,0.07,0.04,0.04",47,"Sitelinks, AI Overview, Image, Video, Discussions and forums, Related searches"
water-based-lube_broad-match_us_2026-06-23.xlsx,water based lube,water based lub,Commercial,210,"0.11,0.08,0.08,0.14,0.08,0.08,0.08,0.03,1.00,0.08,0.08,0.00",28,"Sitelinks, Video, Video carousel, People also ask, Related searches, Popular products"
water-based-lube_broad-match_us_2026-06-23.xlsx,water based lube,water based lube amazon,"Navigational, Transactional",210,"0.65,1.00,0.80,0.65,0.80,0.65,0.65,0.80,0.65,0.80,0.80,0.65",35,"Sitelinks, Video, People also ask, Related searches"
water-based-lube_broad-match_us_2026-06-23.xlsx,water based lube,water based lube nearby,Transactional,210,"0.28,1.00,0.81,0.81,0.81,0.43,0.53,0.65,0.81,0.81,0.81,0.81",27,"Sitelinks, AI Overview, Video, People also ask, Knowledge panel, Related searches"
water-based-lube_broad-match_us_2026-06-23.xlsx,water based lube,water based lube target,"Navigational, Transactional",210,"0.23,0.29,0.35,0.29,0.54,0.54,0.23,0.15,1.00,1.00,0.44,0.54",29,"Sitelinks, Image, Video, People also ask, Related searches"
waterproof-vibrator_broad-match_us_2026-06-23.xlsx,waterproof vibrator,waterproof vibrator,Commercial,720,"0.84,0.84,1.00,1.00,1.00,0.84,0.84,1.00,1.00,1.00,0.84,0.43",8,Sitelinks
waterproof-vibrator_broad-match_us_2026-06-23.xlsx,waterproof vibrator,waterproof vibrators,Commercial,590,"0.54,0.81,1.00,1.00,0.81,0.54,0.54,0.54,0.29,0.54,0.44,0.19",12,Sitelinks
waterproof-vibrator_broad-match_us_2026-06-23.xlsx,waterproof vibrator,waterproof vibrater,Informational,260,"0.29,0.44,0.82,0.15,1.00,0.29,0.15,0.09,0.09,0.65,0.09,0.29",12,Sitelinks
waterproof-vibrator_broad-match_us_2026-06-23.xlsx,waterproof vibrator,are vibrators waterproof,Informational,170,"0.66,0.80,1.00,0.80,0.66,0.66,0.52,0.66,0.80,0.80,0.66,0.42",10,"Sitelinks, AI Overview, People also ask, Discussions and forums"
